game_id,season,week,home_team,away_team,home_conference,away_conference,home_points,away_points,provider,spread,total
254120,2025,1,Kansas State Wildcats,Iowa State Cyclones,BIG12,BIG12,7,7,actionnetwork,-1.5,24.5
254448,2025,1,UNLV Rebels,Idaho State Bengals,MOUNTAINWEST,BIGSKY,14,17,actionnetwork,-17.5,37.5
254121,2025,1,Kansas Jayhawks,Fresno State Bulldogs,BIG12,PAC12,24,7,actionnetwork,-7.5,25.5
254122,2025,1,Western Kentucky Hilltoppers,Sam Houston State Bearkats,CONFERENCEUSA,CONFERENCEUSA,20,10,actionnetwork,-6.5,30.5
254118,2025,1,Hawai'i Warriors,Stanford Cardinal,MOUNTAINWEST,ACC,14,13,actionnetwork,-0.5,24.5
254130,2025,1,South Florida Bulls,Boise State Broncos,AMERICAN,PAC12,10,7,actionnetwork,2.5,30.5
254133,2025,1,Rutgers Scarlet Knights,Ohio Bobcats,BIGTEN,MIDAMERICAN,31,17,actionnetwork,-8.5,26.5
254143,2025,1,Bowling Green Falcons,Lafayette Leopards,MIDAMERICAN,PATRIOTLEAGUE,17,0,actionnetwork,-10.5,27.5
254127,2025,1,Akron Zips,Wyoming Cowboys,MIDAMERICAN,MOUNTAINWEST,0,3,actionnetwork,3.5,24.5
254128,2025,1,Delaware Fightin Blue Hens,Delaware State Hornets,CONFERENCEUSA,MEAC,14,3,actionnetwork,-17.5,29.5
254132,2025,1,North Carolina State Wolfpack,East Carolina Pirates,ACC,AMERICAN,17,7,actionnetwork,-7.5,30.5
254138,2025,1,UCF Knights,Jacksonville State Gamecocks,BIG12,CONFERENCEUSA,0,0,actionnetwork,-11.5,27.5
254145,2025,1,UL-Monroe Warhawks,St. Francis (PA) Red Flash,SUNBELT,NORTHEAST,10,0,actionnetwork,-18.5,26.5
254137,2025,1,Oklahoma State Cowboys,Tennessee-Martin Skyhawks,BIG12,BIGSOUTHOVC,17,7,actionnetwork,-14.5,31.5
254139,2025,1,Duke Blue Devils,Elon Phoenix,ACC,CAA,10,10,actionnetwork,-20.5,28.5
254147,2025,1,Missouri Tigers,Central Arkansas Bears,SEC,UAC,26,0,actionnetwork,-20.5,29.5
254124,2025,1,Houston Cougars,Stephen F. Austin Lumberjacks,BIG12,SOUTHLAND,17,0,actionnetwork,-14.5,30.5
254125,2025,1,Minnesota Golden Gophers,Buffalo Bulls,BIGTEN,MIDAMERICAN,10,3,actionnetwork,-9.5,22.5
254126,2025,1,Cincinnati Bearcats,Nebraska Cornhuskers,BIG12,BIGTEN,3,13,actionnetwork,3.5,24.5
254140,2025,1,Wisconsin Badgers,Miami (OH) RedHawks,BIGTEN,MIDAMERICAN,3,0,actionnetwork,-10.5,20.5
254135,2025,1,San Diego State Aztecs,Stony Brook Seawolves,PAC12,CAA,20,0,actionnetwork,-12.5,29.5
254152,2025,1,Army Black Knights,Tarleton St Texans,AMERICAN,UAC,17,10,actionnetwork,-8.5,25.5
254149,2025,1,Wake Forest Demon Deacons,Kennesaw State Owls,ACC,CONFERENCEUSA,7,6,actionnetwork,-10.5,26.5
254150,2025,1,Charlotte 49ers,Appalachian State Mountaineers,AMERICAN,SUNBELT,3,17,actionnetwork,2.5,23.5
254151,2025,1,Florida International Panthers,Bethune-Cookman Wildcats,CONFERENCEUSA,SWAC,28,6,actionnetwork,-16.5,30.5
254209,2025,1,Michigan State Spartans,Western Michigan Broncos,BIGTEN,MIDAMERICAN,21,0,actionnetwork,-12.5,26.5
254154,2025,1,Kansas Jayhawks,Wagner Seahawks,BIG12,NORTHEAST,29,7,actionnetwork,-26.5,32.5
254199,2025,1,Illinois Fighting Illini,Western Illinois Leathernecks,BIGTEN,BIGSOUTHOVC,31,0,actionnetwork,-27.5,36.5
254148,2025,1,Colorado Buffaloes,Georgia Tech Yellow Jackets,BIG12,ACC,10,13,actionnetwork,2.5,23.5
254167,2025,1,Baylor Bears,Auburn Tigers,BIG12,SEC,10,17,actionnetwork,0.5,28.5
254153,2025,1,Sam Houston State Bearkats,UNLV Rebels,CONFERENCEUSA,MOUNTAINWEST,7,24,actionnetwork,5.5,30.5
254136,2025,1,San Jose State Spartans,Central Michigan Chippewas,MOUNTAINWEST,MIDAMERICAN,7,13,actionnetwork,-7.5,26.5
254157,2025,1,Maryland Terrapins,Florida Atlantic Owls,BIGTEN,AMERICAN,33,7,actionnetwork,-7.5,30.5
254159,2025,1,Kent State Golden Flashes,Merrimack Warriors,MIDAMERICAN,IAAINDEPENDENTS,7,3,actionnetwork,-3.5,27.5
254164,2025,1,Ohio State Buckeyes,Texas Longhorns,BIGTEN,SEC,7,0,actionnetwork,-0.5,22.5
254183,2025,1,Purdue Boilermakers,Ball State Cardinals,BIGTEN,MIDAMERICAN,21,0,actionnetwork,-9.5,24.5
254185,2025,1,Pittsburgh Panthers,Duquesne Dukes,ACC,NORTHEAST,34,6,actionnetwork,-21.5,32.5
254191,2025,1,Tennessee Volunteers,Syracuse Orange,SEC,ACC,31,14,actionnetwork,-7.5,26.5
254192,2025,1,Tulane Green Wave,Northwestern Wildcats,AMERICAN,BIGTEN,20,3,actionnetwork,-3.5,22.5
254193,2025,1,Navy Midshipmen,VMI Keydets,AMERICAN,SOUTHERN,28,0,actionnetwork,-24.5,30.5
254238,2025,1,Southern Miss Golden Eagles,Mississippi State Bulldogs,SUNBELT,SEC,10,13,actionnetwork,7.5,30.5
254212,2025,1,Kentucky Wildcats,Toledo Rockets,SEC,MIDAMERICAN,10,2,actionnetwork,-5.5,24.5
254165,2025,1,Boston College Eagles,Fordham Rams,ACC,PATRIOTLEAGUE,21,3,actionnetwork,-20.5,30.5
254198,2025,1,West Virginia Mountaineers,Robert Morris Colonials,BIG12,NORTHEAST,10,3,actionnetwork,-23.5,30.5
254213,2025,1,UConn Huskies,Central Connecticut State Blue Devils,IAINDEPENDENTS,NORTHEAST,35,10,actionnetwork,-16.5,28.5
254181,2025,1,Indiana Hoosiers,Old Dominion Monarchs,BIGTEN,SUNBELT,17,7,actionnetwork,-13.5,27.5
254236,2025,1,Louisville Cardinals,Eastern Kentucky Colonels,ACC,UAC,41,7,actionnetwork,-23.5,33.5
254166,2025,1,Northern Illinois Huskies,Holy Cross Crusaders,MOUNTAINWEST,PATRIOTLEAGUE,6,3,actionnetwork,-7.5,26.5
254169,2025,1,Penn State Nittany Lions,Nevada Wolf Pack,BIGTEN,MOUNTAINWEST,27,3,actionnetwork,-26.5,31.5
254179,2025,1,Iowa State Cyclones,South Dakota Coyotes,BIG12,MISSOURIVALLEY,27,7,actionnetwork,-10.5,26.5
254197,2025,1,Air Force Falcons,Bucknell Bison,MOUNTAINWEST,PATRIOTLEAGUE,28,7,actionnetwork,-17.5,30.5
254200,2025,1,Georgia Bulldogs,Marshall Thundering Herd,SEC,SUNBELT,24,0,actionnetwork,-23.5,29.5
254224,2025,1,UMass Minutemen,Temple Owls,MIDAMERICAN,AMERICAN,10,28,actionnetwork,0.5,23.5
254178,2025,1,Florida State Seminoles,Alabama Crimson Tide,ACC,SEC,17,7,actionnetwork,7.5,23.5
254182,2025,1,Liberty Flames,Maine Black Bears,CONFERENCEUSA,CAA,7,7,actionnetwork,-16.5,28.5
254215,2025,1,Oregon Ducks,Montana State Bobcats,BIGTEN,BIGSKY,38,3,actionnetwork,-17.5,30.5
254234,2025,1,Arkansas Razorbacks,Alabama A&M Bulldogs,SEC,SWAC,31,7,actionnetwork,-26.5,35.5
254226,2025,1,Memphis Tigers,Chattanooga Mocs,AMERICAN,SOUTHERN,28,3,actionnetwork,-16.5,30.5
254173,2025,1,Oklahoma Sooners,Illinois State Redbirds,SEC,MISSOURIVALLEY,21,0,actionnetwork,-22.5,34.5
254205,2025,1,Virginia Cavaliers,Coastal Carolina Chanticleers,ACC,SUNBELT,28,0,actionnetwork,-7.5,27.5
254228,2025,1,Iowa Hawkeyes,Albany Great Danes,BIGTEN,CAA,17,7,actionnetwork,-22.5,27.5
254232,2025,1,James Madison Dukes,Weber State Wildcats,SUNBELT,BIGSKY,28,7,actionnetwork,-16.5,30.5
254158,2025,1,Vanderbilt Commodores,Charleston Southern Buccaneers,SEC,BIGSOUTHOVC,28,0,actionnetwork,-21.5,27.5
254171,2025,1,Arkansas State Red Wolves,Southeast Missouri State Redhawks,SUNBELT,BIGSOUTHOVC,28,10,actionnetwork,-9.5,33.5
254176,2025,1,Florida Gators,Long Island Sharks,SEC,NORTHEAST,38,0,actionnetwork,-25.5,31.5
254207,2025,1,Western Kentucky Hilltoppers,North Alabama Lions,CONFERENCEUSA,UAC,42,6,actionnetwork,-16.5,33.5
254211,2025,1,Texas A&M Aggies,UTSA Roadrunners,SEC,AMERICAN,21,10,actionnetwork,-13.5,30.5
254220,2025,1,South Alabama Jaguars,Morgan State Bears,SUNBELT,MEAC,17,7,actionnetwork,-17.5,29.5
254221,2025,1,Kansas State Wildcats,North Dakota Fighting Hawks,BIG12,MISSOURIVALLEY,17,21,actionnetwork,-16.5,30.5
254222,2025,1,Middle Tennessee Blue Raiders,Austin Peay Governors,CONFERENCEUSA,UAC,7,21,actionnetwork,-9.5,29.5
254230,2025,1,Troy Trojans,Nicholls State Colonels,SUNBELT,SOUTHLAND,7,10,actionnetwork,-13.5,27.5
254168,2025,1,Clemson Tigers,LSU Tigers,ACC,SEC,10,3,actionnetwork,-2.5,27.5
254172,2025,1,USC Trojans,Missouri State Bears,BIGTEN,CONFERENCEUSA,42,10,actionnetwork,-22.5,33.5
254189,2025,1,Michigan Wolverines,New Mexico Lobos,BIGTEN,MOUNTAINWEST,24,10,actionnetwork,-20.5,27.5
254195,2025,1,Texas Tech Red Raiders,Arkansas-Pine Bluff Golden Lions,BIG12,SWAC,47,0,actionnetwork,-36.5,40.5
254201,2025,1,Louisiana Tech Bulldogs,Southeastern Louisiana Lions,SUNBELT,SOUTHLAND,3,0,actionnetwork,-10.5,27.5
254219,2025,1,Utah State Aggies,UTEP Miners,PAC12,MOUNTAINWEST,20,10,actionnetwork,-3.5,29.5
254170,2025,1,Ole Miss Rebels,Georgia State Panthers,SEC,SUNBELT,25,7,actionnetwork,-21.5,34.5
254174,2025,1,Louisiana Ragin' Cajuns,Rice Owls,SUNBELT,AMERICAN,6,14,actionnetwork,-5.5,23.5
254204,2025,1,Texas State Bobcats,Eastern Michigan Eagles,PAC12,MIDAMERICAN,24,17,actionnetwork,-7.5,28.5
254229,2025,1,Tulsa Golden Hurricane,Abilene Christian Wildcats,AMERICAN,UAC,10,0,actionnetwork,-3.5,32.5
254231,2025,1,BYU Cougars,Portland State Vikings,BIG12,BIGSKY,49,0,actionnetwork,-24.5,33.5
254235,2025,1,North Texas Mean Green,Lamar Cardinals,AMERICAN,SOUTHLAND,37,0,actionnetwork,-16.5,34.5
254186,2025,1,SMU Mustangs,East Texas A&M Lions,ACC,SOUTHLAND,21,3,actionnetwork,-27.5,35.5
254216,2025,1,New Mexico State Aggies,Bryant Bulldogs,CONFERENCEUSA,CAA,9,3,actionnetwork,-11.5,29.5
254237,2025,1,Fresno State Bulldogs,Georgia Southern Eagles,PAC12,SUNBELT,13,14,actionnetwork,-0.5,24.5
254177,2025,1,Arizona State Sun Devils,Northern Arizona Lumberjacks,BIG12,BIGSKY,17,6,actionnetwork,-17.5,29.5
254225,2025,1,Washington State Cougars,Idaho Vandals,PAC12,BIGSKY,7,0,actionnetwork,-10.5,27.5
254187,2025,1,Arizona Wildcats,Hawai'i Warriors,BIG12,MOUNTAINWEST,17,6,actionnetwork,-8.5,27.5
254206,2025,1,Oregon State Beavers,California Golden Bears,PAC12,ACC,3,17,actionnetwork,0.5,23.5
254161,2025,1,UCLA Bruins,Utah Utes,BIGTEN,BIG12,7,23,actionnetwork,3.5,24.5
254214,2025,1,Washington Huskies,Colorado State Rams,BIGTEN,PAC12,14,14,actionnetwork,-13.5,27.5
254244,2025,1,South Carolina Gamecocks,Virginia Tech Hokies,SEC,ACC,10,8,actionnetwork,-3.5,24.5
254245,2025,1,Miami (FL) Hurricanes,Notre Dame Fighting Irish,ACC,IAINDEPENDENTS,14,7,actionnetwork,1.5,23.5
254246,2025,1,North Carolina Tar Heels,TCU Horned Frogs,ACC,BIG12,7,20,actionnetwork,2.5,26.5
255132,2025,10,Kennesaw State Owls,UTEP Miners,CONFERENCEUSA,MOUNTAINWEST,16,10,actionnetwork,-7.5,27.5
255133,2025,10,Texas State Bobcats,James Madison Dukes,PAC12,SUNBELT,20,28,actionnetwork,3.5,27.5
255135,2025,10,Middle Tennessee Blue Raiders,Jacksonville State Gamecocks,CONFERENCEUSA,CONFERENCEUSA,6,7,actionnetwork,2.5,27.5
255136,2025,10,Missouri State Bears,Florida International Panthers,CONFERENCEUSA,CONFERENCEUSA,14,14,actionnetwork,-1.5,24.5
255137,2025,10,UTSA Roadrunners,Tulane Green Wave,AMERICAN,AMERICAN,31,12,actionnetwork,3.5,27.5
255138,2025,10,Coastal Carolina Chanticleers,Marshall Thundering Herd,SUNBELT,SUNBELT,17,20,actionnetwork,3.5,27.5
255139,2025,10,Rice Owls,Memphis Tigers,AMERICAN,AMERICAN,7,31,actionnetwork,7.5,24.5
255140,2025,10,Syracuse Orange,North Carolina Tar Heels,ACC,ACC,10,6,actionnetwork,-0.5,21.5
255134,2025,10,Louisiana Tech Bulldogs,Sam Houston State Bearkats,SUNBELT,CONFERENCEUSA,27,0,actionnetwork,-9.5,24.5
255141,2025,10,Ohio State Buckeyes,Penn State Nittany Lions,BIGTEN,BIGTEN,17,14,actionnetwork,-10.5,23.5
255144,2025,10,Bowling Green Falcons,Buffalo Bulls,MIDAMERICAN,MIDAMERICAN,0,21,actionnetwork,-0.5,21.5
255148,2025,10,Air Force Falcons,Army Black Knights,MOUNTAINWEST,AMERICAN,3,10,actionnetwork,-0.5,23.5
255151,2025,10,Clemson Tigers,Duke Blue Devils,ACC,ACC,28,28,actionnetwork,-2.5,27.5
255172,2025,10,Texas Longhorns,Vanderbilt Commodores,SEC,SEC,24,10,actionnetwork,-2.5,23.5
255191,2025,10,SMU Mustangs,Miami (FL) Hurricanes,ACC,ACC,7,10,actionnetwork,4.5,24.5
255192,2025,10,UConn Huskies,UAB Blazers,IAINDEPENDENTS,AMERICAN,24,0,actionnetwork,-6.5,31.5
255194,2025,10,North Texas Mean Green,Navy Midshipmen,AMERICAN,AMERICAN,24,10,actionnetwork,-3.5,34.5
255195,2025,10,Illinois Fighting Illini,Rutgers Scarlet Knights,BIGTEN,BIGTEN,21,6,actionnetwork,-7.5,32.5
255202,2025,10,Houston Cougars,West Virginia Mountaineers,BIG12,BIG12,21,21,actionnetwork,-7.5,24.5
255205,2025,10,Baylor Bears,UCF Knights,BIG12,BIG12,20,3,actionnetwork,-2.5,28.5
255216,2025,10,Iowa State Cyclones,Arizona State Sun Devils,BIG12,BIG12,16,17,actionnetwork,-5.5,23.5
255167,2025,10,Temple Owls,East Carolina Pirates,AMERICAN,AMERICAN,14,28,actionnetwork,2.5,28.5
255156,2025,10,Virginia Tech Hokies,Louisville Cardinals,ACC,ACC,16,7,actionnetwork,5.5,26.5
255184,2025,10,UNLV Rebels,New Mexico Lobos,MOUNTAINWEST,MOUNTAINWEST,21,31,actionnetwork,-2.5,30.5
255147,2025,10,Florida Gators,Georgia Bulldogs,SEC,SEC,10,10,actionnetwork,3.5,24.5
255161,2025,10,UL-Monroe Warhawks,Old Dominion Monarchs,SUNBELT,SUNBELT,0,24,actionnetwork,9.5,27.5
255162,2025,10,Maryland Terrapins,Indiana Hoosiers,BIGTEN,BIGTEN,3,20,actionnetwork,11.5,27.5
255175,2025,10,Stanford Cardinal,Pittsburgh Panthers,ACC,ACC,13,21,actionnetwork,7.5,26.5
255176,2025,10,Boston College Eagles,Notre Dame Fighting Irish,ACC,IAINDEPENDENTS,7,12,actionnetwork,17.5,30.5
255204,2025,10,Boise State Broncos,Fresno State Bulldogs,PAC12,PAC12,7,10,actionnetwork,-9.5,24.5
255206,2025,10,Kansas State Wildcats,Texas Tech Red Raiders,BIG12,BIG12,7,12,actionnetwork,3.5,26.5
255210,2025,10,Liberty Flames,Delaware Fightin Blue Hens,CONFERENCEUSA,CONFERENCEUSA,28,9,actionnetwork,-2.5,26.5
255211,2025,10,South Alabama Jaguars,Louisiana Ragin' Cajuns,SUNBELT,SUNBELT,7,24,actionnetwork,-2.5,26.5
255214,2025,10,Minnesota Golden Gophers,Michigan State Spartans,BIGTEN,BIGTEN,10,0,actionnetwork,-2.5,22.5
255224,2025,10,Western Kentucky Hilltoppers,New Mexico State Aggies,CONFERENCEUSA,CONFERENCEUSA,14,6,actionnetwork,-4.5,26.5
255150,2025,10,California Golden Bears,Virginia Cavaliers,ACC,ACC,7,17,actionnetwork,3.5,25.5
255154,2025,10,Western Michigan Broncos,Central Michigan Chippewas,MIDAMERICAN,MIDAMERICAN,7,14,actionnetwork,-3.5,20.5
255183,2025,10,Arkansas Razorbacks,Mississippi State Bulldogs,SEC,SEC,13,7,actionnetwork,-3.5,33.5
255212,2025,10,Kansas Jayhawks,Oklahoma State Cowboys,BIG12,BIG12,10,7,actionnetwork,-14.5,28.5
255163,2025,10,Ole Miss Rebels,South Carolina Gamecocks,SEC,SEC,17,7,actionnetwork,-7.5,27.5
255165,2025,10,Michigan Wolverines,Purdue Boilermakers,BIGTEN,BIGTEN,14,7,actionnetwork,-11.5,26.5
255180,2025,10,Colorado Buffaloes,Arizona Wildcats,BIG12,BIG12,7,38,actionnetwork,2.5,25.5
255208,2025,10,San Diego State Aztecs,Wyoming Cowboys,PAC12,MOUNTAINWEST,17,7,actionnetwork,-5.5,21.5
255153,2025,10,Nebraska Cornhuskers,USC Trojans,BIGTEN,BIGTEN,14,6,actionnetwork,2.5,29.5
255171,2025,10,Oregon State Beavers,Washington State Cougars,PAC12,PAC12,3,7,actionnetwork,1.5,23.5
255178,2025,10,Tennessee Volunteers,Oklahoma Sooners,SEC,SEC,10,16,actionnetwork,-1.5,27.5
255189,2025,10,Florida State Seminoles,Wake Forest Demon Deacons,ACC,ACC,14,0,actionnetwork,-6.5,24.5
255200,2025,10,North Carolina State Wolfpack,Georgia Tech Yellow Jackets,ACC,ACC,24,17,actionnetwork,2.5,29.5
255207,2025,10,Auburn Tigers,Kentucky Wildcats,SEC,SEC,3,3,actionnetwork,-6.5,22.5
255185,2025,10,Troy Trojans,Arkansas State Red Wolves,SUNBELT,SUNBELT,3,17,actionnetwork,-5.5,26.5
255157,2025,10,Utah Utes,Cincinnati Bearcats,BIG12,BIG12,24,7,actionnetwork,-6.5,28.5
255209,2025,10,San Jose State Spartans,Hawai'i Warriors,MOUNTAINWEST,MOUNTAINWEST,31,14,actionnetwork,-0.5,27.5
255241,2025,11,Akron Zips,UMass Minutemen,MIDAMERICAN,MIDAMERICAN,27,10,actionnetwork,-7.5,25.5
255242,2025,11,Ohio Bobcats,Miami (OH) RedHawks,MIDAMERICAN,MIDAMERICAN,3,3,actionnetwork,-1.5,24.5
255243,2025,11,Ball State Cardinals,Kent State Golden Flashes,MIDAMERICAN,MIDAMERICAN,10,3,actionnetwork,-2.5,23.5
255244,2025,11,Toledo Rockets,Northern Illinois Huskies,MIDAMERICAN,MOUNTAINWEST,28,3,actionnetwork,-7.5,21.5
255245,2025,11,Appalachian State Mountaineers,Georgia Southern Eagles,SUNBELT,SUNBELT,3,19,actionnetwork,-3.5,30.5
255246,2025,11,South Florida Bulls,UTSA Roadrunners,AMERICAN,AMERICAN,45,10,actionnetwork,-7.5,34.5
255248,2025,11,UCF Knights,Houston Cougars,BIG12,BIG12,24,17,actionnetwork,-1.5,23.5
255247,2025,11,Memphis Tigers,Tulane Green Wave,AMERICAN,AMERICAN,17,35,actionnetwork,-2.5,26.5
255283,2025,11,USC Trojans,Northwestern Wildcats,BIGTEN,BIGTEN,21,14,actionnetwork,-7.5,27.5
255257,2025,11,Penn State Nittany Lions,Indiana Hoosiers,BIGTEN,BIGTEN,7,17,actionnetwork,7.5,26.5
255266,2025,11,West Virginia Mountaineers,Colorado Buffaloes,BIG12,BIG12,19,9,actionnetwork,-3.5,26.5
255268,2025,11,Arkansas State Red Wolves,Southern Miss Golden Eagles,SUNBELT,SUNBELT,7,17,actionnetwork,3.5,27.5
255272,2025,11,Army Black Knights,Temple Owls,AMERICAN,AMERICAN,7,10,actionnetwork,-3.5,21.5
255274,2025,11,Texas Tech Red Raiders,BYU Cougars,BIG12,BIG12,13,0,actionnetwork,-7.5,24.5
255296,2025,11,Boston College Eagles,SMU Mustangs,ACC,ACC,6,17,actionnetwork,6.5,27.5
255301,2025,11,Marshall Thundering Herd,James Madison Dukes,SUNBELT,SUNBELT,12,21,actionnetwork,7.5,27.5
255331,2025,11,Mississippi State Bulldogs,Georgia Bulldogs,SEC,SEC,7,24,actionnetwork,5.5,28.5
255276,2025,11,Liberty Flames,Missouri State Bears,CONFERENCEUSA,CONFERENCEUSA,10,0,actionnetwork,-4.5,26.5
255298,2025,11,Ole Miss Rebels,The Citadel Bulldogs,SEC,SOUTHERN,35,0,actionnetwork,-28.5,35.5
255302,2025,11,Eastern Michigan Eagles,Bowling Green Falcons,MIDAMERICAN,MIDAMERICAN,10,14,actionnetwork,-1.5,23.5
255305,2025,11,Purdue Boilermakers,Ohio State Buckeyes,BIGTEN,BIGTEN,3,24,actionnetwork,17.5,27.5
255282,2025,11,Rice Owls,UAB Blazers,AMERICAN,AMERICAN,14,17,actionnetwork,0.5,24.5
255303,2025,11,Rutgers Scarlet Knights,Maryland Terrapins,BIGTEN,BIGTEN,21,17,actionnetwork,-0.5,28.5
255251,2025,11,Middle Tennessee Blue Raiders,Florida International Panthers,CONFERENCEUSA,CONFERENCEUSA,17,21,actionnetwork,-0.5,24.5
255256,2025,11,East Carolina Pirates,Charlotte 49ers,AMERICAN,AMERICAN,35,14,actionnetwork,-16.5,30.5
255258,2025,11,Florida Atlantic Owls,Tulsa Golden Hurricane,AMERICAN,AMERICAN,31,6,actionnetwork,-2.5,30.5
255279,2025,11,Delaware Fightin Blue Hens,Louisiana Tech Bulldogs,CONFERENCEUSA,SUNBELT,9,7,actionnetwork,3.5,27.5
255281,2025,11,UTEP Miners,Jacksonville State Gamecocks,MOUNTAINWEST,CONFERENCEUSA,13,20,actionnetwork,0.5,23.5
255254,2025,11,Arizona Wildcats,Kansas Jayhawks,BIG12,BIG12,14,17,actionnetwork,-3.5,27.5
255260,2025,11,UConn Huskies,Duke Blue Devils,IAINDEPENDENTS,ACC,20,14,actionnetwork,4.5,31.5
255291,2025,11,Iowa Hawkeyes,Oregon Ducks,BIGTEN,BIGTEN,7,12,actionnetwork,2.5,20.5
255292,2025,11,TCU Horned Frogs,Iowa State Cyclones,BIG12,BIG12,3,6,actionnetwork,-4.5,29.5
255304,2025,11,Miami (FL) Hurricanes,Syracuse Orange,ACC,ACC,14,0,actionnetwork,-17.5,26.5
255318,2025,11,Missouri Tigers,Texas A&M Aggies,SEC,SEC,0,14,actionnetwork,3.5,24.5
255286,2025,11,New Mexico State Aggies,Kennesaw State Owls,CONFERENCEUSA,CONFERENCEUSA,7,24,actionnetwork,6.5,26.5
255312,2025,11,Vanderbilt Commodores,Auburn Tigers,SEC,SEC,10,20,actionnetwork,-3.5,22.5
255313,2025,11,Coastal Carolina Chanticleers,Georgia State Panthers,SUNBELT,SUNBELT,23,14,actionnetwork,-4.5,28.5
255263,2025,11,Wisconsin Badgers,Washington Huskies,BIGTEN,BIGTEN,3,10,actionnetwork,6.5,22.5
255289,2025,11,North Carolina Tar Heels,Stanford Cardinal,ACC,ACC,3,3,actionnetwork,-4.5,20.5
255278,2025,11,Louisiana Ragin' Cajuns,Texas State Bobcats,SUNBELT,PAC12,35,17,actionnetwork,2.5,31.5
255252,2025,11,San Jose State Spartans,Air Force Falcons,MOUNTAINWEST,MOUNTAINWEST,3,16,actionnetwork,-3.5,33.5
255267,2025,11,Louisville Cardinals,California Golden Bears,ACC,ACC,13,17,actionnetwork,-10.5,25.5
255271,2025,11,Clemson Tigers,Florida State Seminoles,ACC,ACC,18,7,actionnetwork,-0.5,27.5
255314,2025,11,Virginia Cavaliers,Wake Forest Demon Deacons,ACC,ACC,6,10,actionnetwork,-3.5,23.5
255275,2025,11,Kentucky Wildcats,Florida Gators,SEC,SEC,24,7,actionnetwork,3.5,21.5
255297,2025,11,Utah State Aggies,Nevada Wolf Pack,PAC12,MOUNTAINWEST,41,0,actionnetwork,-6.5,26.5
255299,2025,11,Alabama Crimson Tide,LSU Tigers,SEC,SEC,17,3,actionnetwork,-6.5,24.5
255326,2025,11,Notre Dame Fighting Irish,Navy Midshipmen,IAINDEPENDENTS,AMERICAN,21,10,actionnetwork,-17.5,30.5
255280,2025,11,UCLA Bruins,Nebraska Cornhuskers,BIGTEN,BIGTEN,7,21,actionnetwork,-0.5,22.5
255325,2025,11,Colorado State Rams,UNLV Rebels,PAC12,MOUNTAINWEST,10,21,actionnetwork,3.5,30.5
255259,2025,11,Oregon State Beavers,Sam Houston State Bearkats,PAC12,CONFERENCEUSA,17,7,actionnetwork,-10.5,27.5
255323,2025,11,Hawai'i Warriors,San Diego State Aztecs,MOUNTAINWEST,PAC12,24,6,actionnetwork,3.5,23.5
255354,2025,12,Akron Zips,Kent State Golden Flashes,MIDAMERICAN,MIDAMERICAN,17,14,actionnetwork,-4.5,24.5
255355,2025,12,Western Michigan Broncos,Ohio Bobcats,MIDAMERICAN,MIDAMERICAN,3,7,actionnetwork,-0.5,22.5
255356,2025,12,Central Michigan Chippewas,Buffalo Bulls,MIDAMERICAN,MIDAMERICAN,14,10,actionnetwork,-0.5,21.5
255357,2025,12,Miami (OH) RedHawks,Toledo Rockets,MIDAMERICAN,MIDAMERICAN,0,14,actionnetwork,3.5,21.5
255358,2025,12,UMass Minutemen,Northern Illinois Huskies,MIDAMERICAN,MOUNTAINWEST,0,31,actionnetwork,5.5,21.5
255359,2025,12,Old Dominion Monarchs,Troy Trojans,SUNBELT,SUNBELT,20,0,actionnetwork,-6.5,26.5
255360,2025,12,Louisville Cardinals,Clemson Tigers,ACC,ACC,9,10,actionnetwork,-0.5,24.5
255414,2025,12,Oregon Ducks,Minnesota Golden Gophers,BIGTEN,BIGTEN,28,6,actionnetwork,-15.5,24.5
255376,2025,12,UConn Huskies,Air Force Falcons,IAINDEPENDENTS,MOUNTAINWEST,9,7,actionnetwork,-4.5,31.5
255390,2025,12,Charlotte 49ers,UTSA Roadrunners,AMERICAN,AMERICAN,0,7,actionnetwork,10.5,30.5
255392,2025,12,Oklahoma State Cowboys,Kansas State Wildcats,BIG12,BIG12,6,7,actionnetwork,11.5,26.5
255410,2025,12,Texas A&M Aggies,South Carolina Gamecocks,SEC,SEC,3,30,actionnetwork,-9.5,25.5
255415,2025,12,Navy Midshipmen,South Florida Bulls,AMERICAN,AMERICAN,24,9,actionnetwork,5.5,31.5
255417,2025,12,Northwestern Wildcats,Michigan Wolverines,BIGTEN,BIGTEN,6,7,actionnetwork,5.5,20.5
255431,2025,12,Indiana Hoosiers,Wisconsin Badgers,BIGTEN,BIGTEN,10,7,actionnetwork,-16.5,24.5
255434,2025,12,Pittsburgh Panthers,Notre Dame Fighting Irish,ACC,IAINDEPENDENTS,3,21,actionnetwork,7.5,28.5
255439,2025,12,Ball State Cardinals,Eastern Michigan Eagles,MIDAMERICAN,MIDAMERICAN,3,17,actionnetwork,0.5,23.5
255449,2025,12,Cincinnati Bearcats,Arizona Wildcats,BIG12,BIG12,14,10,actionnetwork,-3.5,28.5
255384,2025,12,LSU Tigers,Arkansas Razorbacks,SEC,SEC,16,14,actionnetwork,-2.5,28.5
255380,2025,12,Tulsa Golden Hurricane,Oregon State Beavers,AMERICAN,PAC12,17,0,actionnetwork,0.5,24.5
255426,2025,12,Arizona State Sun Devils,West Virginia Mountaineers,BIG12,BIG12,22,10,actionnetwork,-6.5,23.5
255402,2025,12,Kentucky Wildcats,Tennessee Tech Golden Eagles,SEC,SOUTHERN,28,7,actionnetwork,-13.5,27.5
255381,2025,12,Georgia State Panthers,Marshall Thundering Herd,SUNBELT,SUNBELT,10,21,actionnetwork,5.5,29.5
255406,2025,12,UAB Blazers,North Texas Mean Green,AMERICAN,AMERICAN,7,31,actionnetwork,9.5,35.5
255397,2025,12,New Mexico Lobos,Colorado State Rams,MOUNTAINWEST,PAC12,10,0,actionnetwork,-8.5,27.5
255407,2025,12,Missouri State Bears,UTEP Miners,CONFERENCEUSA,MOUNTAINWEST,24,7,actionnetwork,-3.5,23.5
255366,2025,12,Michigan State Spartans,Penn State Nittany Lions,BIGTEN,BIGTEN,10,14,actionnetwork,3.5,24.5
255372,2025,12,Duke Blue Devils,Virginia Cavaliers,ACC,ACC,3,17,actionnetwork,-3.5,30.5
255374,2025,12,UL-Monroe Warhawks,South Alabama Jaguars,SUNBELT,SUNBELT,14,7,actionnetwork,2.5,24.5
255396,2025,12,USC Trojans,Iowa Hawkeyes,BIGTEN,BIGTEN,10,21,actionnetwork,-3.5,23.5
255400,2025,12,Alabama Crimson Tide,Oklahoma Sooners,SEC,SEC,14,17,actionnetwork,-3.5,22.5
255408,2025,12,Illinois Fighting Illini,Maryland Terrapins,BIGTEN,BIGTEN,14,6,actionnetwork,-8.5,26.5
255419,2025,12,Texas Tech Red Raiders,UCF Knights,BIG12,BIG12,38,2,actionnetwork,-13.5,25.5
255420,2025,12,Nevada Wolf Pack,San Jose State Spartans,MOUNTAINWEST,MOUNTAINWEST,31,0,actionnetwork,5.5,24.5
255422,2025,12,Western Kentucky Hilltoppers,Middle Tennessee Blue Raiders,CONFERENCEUSA,CONFERENCEUSA,21,10,actionnetwork,-7.5,26.5
255442,2025,12,Miami (FL) Hurricanes,North Carolina State Wolfpack,ACC,ACC,24,0,actionnetwork,-8.5,27.5
255443,2025,12,James Madison Dukes,Appalachian State Mountaineers,SUNBELT,SUNBELT,27,0,actionnetwork,-11.5,27.5
255445,2025,12,Boston College Eagles,Georgia Tech Yellow Jackets,ACC,ACC,14,14,actionnetwork,9.5,30.5
255448,2025,12,Southern Miss Golden Eagles,Texas State Bobcats,SUNBELT,PAC12,0,27,actionnetwork,-2.5,32.5
255398,2025,12,Tulane Green Wave,Florida Atlantic Owls,AMERICAN,AMERICAN,21,10,actionnetwork,-9.5,30.5
255429,2025,12,East Carolina Pirates,Memphis Tigers,AMERICAN,AMERICAN,10,17,actionnetwork,-1.5,28.5
255421,2025,12,Tennessee Volunteers,New Mexico State Aggies,SEC,CONFERENCEUSA,21,3,actionnetwork,-26.5,34.5
255436,2025,12,Wake Forest Demon Deacons,North Carolina Tar Heels,ACC,ACC,14,6,actionnetwork,-2.5,17.5
255437,2025,12,Florida International Panthers,Liberty Flames,CONFERENCEUSA,CONFERENCEUSA,17,21,actionnetwork,0.5,24.5
255435,2025,12,Georgia Southern Eagles,Coastal Carolina Chanticleers,SUNBELT,SUNBELT,35,27,actionnetwork,-2.5,30.5
255375,2025,12,UNLV Rebels,Utah State Aggies,MOUNTAINWEST,PAC12,10,13,actionnetwork,-3.5,34.5
255386,2025,12,Washington Huskies,Purdue Boilermakers,BIGTEN,BIGTEN,28,0,actionnetwork,-8.5,25.5
255404,2025,12,Ole Miss Rebels,Florida Gators,SEC,SEC,20,24,actionnetwork,-6.5,27.5
255413,2025,12,Baylor Bears,Utah Utes,BIG12,BIG12,17,28,actionnetwork,5.5,30.5
255451,2025,12,Sam Houston State Bearkats,Delaware Fightin Blue Hens,CONFERENCEUSA,CONFERENCEUSA,10,10,actionnetwork,6.5,28.5
255387,2025,12,Georgia Bulldogs,Texas Longhorns,SEC,SEC,14,3,actionnetwork,-1.5,24.5
255409,2025,12,Ohio State Buckeyes,UCLA Bruins,BIGTEN,BIGTEN,27,0,actionnetwork,-20.5,26.5
255416,2025,12,Florida State Seminoles,Virginia Tech Hokies,ACC,ACC,10,7,actionnetwork,-7.5,27.5
255425,2025,12,Missouri Tigers,Mississippi State Bulldogs,SEC,SEC,21,10,actionnetwork,-3.5,24.5
255367,2025,12,Jacksonville State Gamecocks,Kennesaw State Owls,CONFERENCEUSA,CONFERENCEUSA,22,10,actionnetwork,2.5,27.5
255427,2025,12,Washington State Cougars,Louisiana Tech Bulldogs,PAC12,SUNBELT,14,3,actionnetwork,-6.5,21.5
255394,2025,12,BYU Cougars,TCU Horned Frogs,BIG12,BIG12,27,10,actionnetwork,-1.5,26.5
255379,2025,12,Fresno State Bulldogs,Wyoming Cowboys,PAC12,MOUNTAINWEST,10,3,actionnetwork,-1.5,19.5
255438,2025,12,San Diego State Aztecs,Boise State Broncos,PAC12,PAC12,14,7,actionnetwork,-0.5,20.5
255474,2025,13,Northern Illinois Huskies,Western Michigan Broncos,MOUNTAINWEST,MIDAMERICAN,13,14,actionnetwork,3.5,19.5
255475,2025,13,Bowling Green Falcons,Akron Zips,MIDAMERICAN,MIDAMERICAN,6,6,actionnetwork,-0.5,23.5
255476,2025,13,Ohio Bobcats,UMass Minutemen,MIDAMERICAN,MIDAMERICAN,21,7,actionnetwork,-20.5,29.5
255477,2025,13,Buffalo Bulls,Miami (OH) RedHawks,MIDAMERICAN,MIDAMERICAN,10,17,actionnetwork,0.5,19.5
255478,2025,13,Kent State Golden Flashes,Central Michigan Chippewas,MIDAMERICAN,MIDAMERICAN,3,14,actionnetwork,4.5,24.5
255480,2025,13,Arkansas State Red Wolves,Louisiana Ragin' Cajuns,SUNBELT,SUNBELT,27,24,actionnetwork,-1.5,26.5
255482,2025,13,North Carolina State Wolfpack,Florida State Seminoles,ACC,ACC,7,3,actionnetwork,3.5,29.5
255525,2025,13,UNLV Rebels,Hawai'i Warriors,MOUNTAINWEST,MOUNTAINWEST,24,10,actionnetwork,-1.5,31.5
255491,2025,13,Northwestern Wildcats,Minnesota Golden Gophers,BIGTEN,BIGTEN,13,21,actionnetwork,-2.5,19.5
255499,2025,13,Iowa State Cyclones,Kansas Jayhawks,BIG12,BIG12,17,0,actionnetwork,-2.5,27.5
255506,2025,13,Oklahoma Sooners,Missouri Tigers,SEC,SEC,14,6,actionnetwork,-3.5,20.5
255514,2025,13,Wake Forest Demon Deacons,Delaware Fightin Blue Hens,ACC,CONFERENCEUSA,35,7,actionnetwork,-9.5,26.5
255524,2025,13,Texas A&M Aggies,Samford Bulldogs,SEC,SOUTHERN,31,0,actionnetwork,-28.5,33.5
255527,2025,13,Ohio State Buckeyes,Rutgers Scarlet Knights,BIGTEN,BIGTEN,14,3,actionnetwork,-17.5,29.5
255532,2025,13,SMU Mustangs,Louisville Cardinals,ACC,ACC,21,6,actionnetwork,-2.5,23.5
255556,2025,13,Virginia Tech Hokies,Miami (FL) Hurricanes,ACC,ACC,3,20,actionnetwork,9.5,25.5
255571,2025,13,Army Black Knights,Tulsa Golden Hurricane,AMERICAN,AMERICAN,22,14,actionnetwork,-5.5,21.5
255572,2025,13,Georgia Bulldogs,Charlotte 49ers,SEC,AMERICAN,28,3,actionnetwork,-26.5,31.5
255493,2025,13,James Madison Dukes,Washington State Cougars,SUNBELT,PAC12,10,17,actionnetwork,-8.5,22.5
255518,2025,13,Arizona Wildcats,Baylor Bears,BIG12,BIG12,14,17,actionnetwork,-3.5,30.5
255557,2025,13,Georgia Southern Eagles,Old Dominion Monarchs,SUNBELT,SUNBELT,0,31,actionnetwork,6.5,31.5
255484,2025,13,Auburn Tigers,Mercer Bears,SEC,SOUTHERN,35,17,actionnetwork,-14.5,27.5
255487,2025,13,Wyoming Cowboys,Nevada Wolf Pack,MOUNTAINWEST,MOUNTAINWEST,0,7,actionnetwork,-3.5,20.5
255496,2025,13,Alabama Crimson Tide,Eastern Illinois Panthers,SEC,BIGSOUTHOVC,28,0,actionnetwork,-27.5,30.5
255541,2025,13,Toledo Rockets,Ball State Cardinals,MIDAMERICAN,MIDAMERICAN,24,3,actionnetwork,-16.5,24.5
255564,2025,13,Kennesaw State Owls,Missouri State Bears,CONFERENCEUSA,CONFERENCEUSA,14,13,actionnetwork,-3.5,27.5
255522,2025,13,Appalachian State Mountaineers,Marshall Thundering Herd,SUNBELT,SUNBELT,16,21,actionnetwork,2.5,27.5
255494,2025,13,Louisiana Tech Bulldogs,Liberty Flames,SUNBELT,CONFERENCEUSA,7,13,actionnetwork,0.5,22.5
255531,2025,13,Florida Atlantic Owls,UConn Huskies,AMERICAN,IAINDEPENDENTS,17,27,actionnetwork,3.5,31.5
255547,2025,13,UAB Blazers,South Florida Bulls,AMERICAN,AMERICAN,10,17,actionnetwork,11.5,35.5
255561,2025,13,Middle Tennessee Blue Raiders,Sam Houston State Bearkats,CONFERENCEUSA,CONFERENCEUSA,10,10,actionnetwork,-3.5,26.5
255570,2025,13,UTEP Miners,New Mexico State Aggies,MOUNTAINWEST,CONFERENCEUSA,21,21,actionnetwork,-2.5,21.5
255488,2025,13,Vanderbilt Commodores,Kentucky Wildcats,SEC,SEC,24,3,actionnetwork,-4.5,27.5
255521,2025,13,UTSA Roadrunners,East Carolina Pirates,AMERICAN,AMERICAN,34,3,actionnetwork,0.5,31.5
255526,2025,13,Iowa Hawkeyes,Michigan State Spartans,BIGTEN,BIGTEN,7,3,actionnetwork,-10.5,21.5
255538,2025,13,Oregon Ducks,USC Trojans,BIGTEN,BIGTEN,28,14,actionnetwork,-6.5,30.5
255549,2025,13,North Carolina Tar Heels,Duke Blue Devils,ACC,ACC,10,17,actionnetwork,3.5,25.5
255558,2025,13,Texas Longhorns,Arkansas Razorbacks,SEC,SEC,24,20,actionnetwork,-4.5,28.5
255565,2025,13,Notre Dame Fighting Irish,Syracuse Orange,IAINDEPENDENTS,ACC,49,0,actionnetwork,-22.5,28.5
255574,2025,13,South Alabama Jaguars,Southern Miss Golden Eagles,SUNBELT,SUNBELT,21,7,actionnetwork,0.5,26.5
255486,2025,13,Temple Owls,Tulane Green Wave,AMERICAN,AMERICAN,7,20,actionnetwork,3.5,27.5
255498,2025,13,Troy Trojans,Georgia State Panthers,SUNBELT,SUNBELT,10,6,actionnetwork,-6.5,25.5
255500,2025,13,Utah Utes,Kansas State Wildcats,BIG12,BIG12,21,31,actionnetwork,-9.5,27.5
255511,2025,13,UCF Knights,Oklahoma State Cowboys,BIG12,BIG12,0,14,actionnetwork,-7.5,23.5
255520,2025,13,Houston Cougars,TCU Horned Frogs,BIG12,BIG12,7,14,actionnetwork,0.5,27.5
255529,2025,13,Maryland Terrapins,Michigan Wolverines,BIGTEN,BIGTEN,10,21,actionnetwork,7.5,23.5
255542,2025,13,South Carolina Gamecocks,Coastal Carolina Chanticleers,SEC,SUNBELT,37,0,actionnetwork,-13.5,26.5
255492,2025,13,Clemson Tigers,Furman Paladins,ACC,SOUTHERN,31,3,actionnetwork,-21.5,30.5
255562,2025,13,Texas State Bobcats,UL-Monroe Warhawks,PAC12,SUNBELT,3,0,actionnetwork,-11.5,30.5
255503,2025,13,Georgia Tech Yellow Jackets,Pittsburgh Panthers,ACC,ACC,14,28,actionnetwork,-1.5,30.5
255509,2025,13,Boise State Broncos,Colorado State Rams,PAC12,PAC12,27,7,actionnetwork,-9.5,23.5
255537,2025,13,Air Force Falcons,New Mexico Lobos,MOUNTAINWEST,MOUNTAINWEST,0,17,actionnetwork,2.5,26.5
255551,2025,13,Penn State Nittany Lions,Nebraska Cornhuskers,BIGTEN,BIGTEN,23,3,actionnetwork,-4.5,22.5
255528,2025,13,Florida Gators,Tennessee Volunteers,SEC,SEC,0,31,actionnetwork,2.5,28.5
255539,2025,13,Wisconsin Badgers,Illinois Fighting Illini,BIGTEN,BIGTEN,10,7,actionnetwork,4.5,21.5
255555,2025,13,Stanford Cardinal,California Golden Bears,ACC,ACC,14,10,actionnetwork,2.5,23.5
255559,2025,13,Rice Owls,North Texas Mean Green,AMERICAN,AMERICAN,14,28,actionnetwork,10.5,30.5
255497,2025,13,LSU Tigers,Western Kentucky Hilltoppers,SEC,CONFERENCEUSA,7,3,actionnetwork,-13.5,27.5
255501,2025,13,Colorado Buffaloes,Arizona State Sun Devils,BIG12,BIG12,7,13,actionnetwork,3.5,23.5
255553,2025,13,Cincinnati Bearcats,BYU Cougars,BIG12,BIG12,7,10,actionnetwork,0.5,27.5
255485,2025,13,UCLA Bruins,Washington Huskies,BIGTEN,BIGTEN,0,20,actionnetwork,6.5,26.5
255495,2025,13,Fresno State Bulldogs,Utah State Aggies,PAC12,PAC12,17,7,actionnetwork,-0.5,24.5
255508,2025,13,San Diego State Aztecs,San Jose State Spartans,PAC12,MOUNTAINWEST,18,3,actionnetwork,-6.5,26.5
255596,2025,14,UMass Minutemen,Bowling Green Falcons,MIDAMERICAN,MIDAMERICAN,14,28,actionnetwork,7.5,22.5
255597,2025,14,Eastern Michigan Eagles,Western Michigan Broncos,MIDAMERICAN,MIDAMERICAN,7,17,actionnetwork,5.5,24.5
255598,2025,14,Memphis Tigers,Navy Midshipmen,AMERICAN,AMERICAN,17,14,actionnetwork,-2.5,28.5
255601,2025,14,Northern Illinois Huskies,Kent State Golden Flashes,MOUNTAINWEST,MIDAMERICAN,21,17,actionnetwork,-2.5,21.5
255602,2025,14,Nebraska Cornhuskers,Iowa Hawkeyes,BIGTEN,BIGTEN,16,24,actionnetwork,3.5,19.5
255603,2025,14,Kansas Jayhawks,Utah Utes,BIG12,BIG12,7,10,actionnetwork,6.5,30.5
255604,2025,14,Buffalo Bulls,Ohio Bobcats,MIDAMERICAN,MIDAMERICAN,7,21,actionnetwork,3.5,21.5
255671,2025,14,Mississippi State Bulldogs,Ole Miss Rebels,SEC,SEC,10,21,actionnetwork,4.5,30.5
255666,2025,14,Colorado State Rams,Air Force Falcons,PAC12,MOUNTAINWEST,7,21,actionnetwork,0.5,23.5
255606,2025,14,Georgia Tech Yellow Jackets,Georgia Bulldogs,ACC,SEC,3,13,actionnetwork,9.5,30.5
255665,2025,14,North Texas Mean Green,Temple Owls,AMERICAN,AMERICAN,35,7,actionnetwork,-11.5,33.5
255674,2025,14,New Mexico Lobos,San Diego State Aztecs,MOUNTAINWEST,PAC12,10,14,actionnetwork,0.5,20.5
255667,2025,14,Utah State Aggies,Boise State Broncos,PAC12,PAC12,21,13,actionnetwork,0.5,27.5
255651,2025,14,Purdue Boilermakers,Indiana Hoosiers,BIGTEN,BIGTEN,3,28,actionnetwork,16.5,28.5
255679,2025,14,Texas Longhorns,Texas A&M Aggies,SEC,SEC,3,10,actionnetwork,0.5,26.5
255600,2025,14,Arizona State Sun Devils,Arizona Wildcats,BIG12,BIG12,7,3,actionnetwork,0.5,23.5
255629,2025,14,Miami (OH) RedHawks,Ball State Cardinals,MIDAMERICAN,MIDAMERICAN,31,10,actionnetwork,-9.5,20.5
255630,2025,14,Michigan Wolverines,Ohio State Buckeyes,BIGTEN,BIGTEN,9,17,actionnetwork,5.5,21.5
255635,2025,14,Oklahoma State Cowboys,Iowa State Cyclones,BIG12,BIG12,7,10,actionnetwork,7.5,23.5
255637,2025,14,South Carolina Gamecocks,Clemson Tigers,SEC,ACC,14,17,actionnetwork,-0.5,22.5
255641,2025,14,Kansas State Wildcats,Colorado Buffaloes,BIG12,BIG12,7,7,actionnetwork,-9.5,26.5
255647,2025,14,Louisville Cardinals,Kentucky Wildcats,ACC,SEC,20,0,actionnetwork,0.5,22.5
255649,2025,14,Pittsburgh Panthers,Miami (FL) Hurricanes,ACC,ACC,7,17,actionnetwork,3.5,24.5
255650,2025,14,Baylor Bears,Houston Cougars,BIG12,BIG12,9,17,actionnetwork,-0.5,28.5
255660,2025,14,West Virginia Mountaineers,Texas Tech Red Raiders,BIG12,BIG12,0,28,actionnetwork,13.5,28.5
255664,2025,14,Central Michigan Chippewas,Toledo Rockets,MIDAMERICAN,MIDAMERICAN,3,0,actionnetwork,6.5,23.5
255669,2025,14,Florida Atlantic Owls,East Carolina Pirates,AMERICAN,AMERICAN,3,42,actionnetwork,3.5,34.5
255640,2025,14,Sam Houston State Bearkats,Florida International Panthers,CONFERENCEUSA,CONFERENCEUSA,10,28,actionnetwork,6.5,25.5
255642,2025,14,BYU Cougars,UCF Knights,BIG12,BIG12,17,14,actionnetwork,-9.5,23.5
255659,2025,14,Delaware Fightin Blue Hens,UTEP Miners,CONFERENCEUSA,MOUNTAINWEST,31,20,actionnetwork,-2.5,27.5
255670,2025,14,Marshall Thundering Herd,Georgia Southern Eagles,SUNBELT,SUNBELT,6,14,actionnetwork,-6.5,31.5
255633,2025,14,Missouri State Bears,Louisiana Tech Bulldogs,CONFERENCEUSA,SUNBELT,10,14,actionnetwork,-1.5,22.5
255675,2025,14,Jacksonville State Gamecocks,Western Kentucky Hilltoppers,CONFERENCEUSA,CONFERENCEUSA,24,28,actionnetwork,0.5,27.5
255680,2025,14,Old Dominion Monarchs,Georgia State Panthers,SUNBELT,SUNBELT,10,10,actionnetwork,-17.5,31.5
255657,2025,14,Appalachian State Mountaineers,Arkansas State Red Wolves,SUNBELT,SUNBELT,16,16,actionnetwork,-0.5,27.5
255632,2025,14,Louisiana Ragin' Cajuns,UL-Monroe Warhawks,SUNBELT,SUNBELT,17,13,actionnetwork,-6.5,23.5
255646,2025,14,Syracuse Orange,Boston College Eagles,ACC,ACC,6,6,actionnetwork,1.5,26.5
255653,2025,14,New Mexico State Aggies,Middle Tennessee Blue Raiders,CONFERENCEUSA,CONFERENCEUSA,7,14,actionnetwork,-2.5,26.5
255676,2025,14,Tulsa Golden Hurricane,UAB Blazers,AMERICAN,AMERICAN,17,10,actionnetwork,-5.5,27.5
255678,2025,14,Texas State Bobcats,South Alabama Jaguars,PAC12,SUNBELT,21,7,actionnetwork,-6.5,31.5
255605,2025,14,UTSA Roadrunners,Army Black Knights,AMERICAN,AMERICAN,10,17,actionnetwork,-4.5,24.5
255628,2025,14,TCU Horned Frogs,Cincinnati Bearcats,BIG12,BIG12,31,17,actionnetwork,-1.5,29.5
255639,2025,14,Washington Huskies,Oregon Ducks,BIGTEN,BIGTEN,7,13,actionnetwork,3.5,25.5
255643,2025,14,Liberty Flames,Kennesaw State Owls,CONFERENCEUSA,CONFERENCEUSA,14,14,actionnetwork,1.5,27.5
255648,2025,14,Minnesota Golden Gophers,Wisconsin Badgers,BIGTEN,BIGTEN,10,7,actionnetwork,0.5,18.5
255658,2025,14,Rutgers Scarlet Knights,Penn State Nittany Lions,BIGTEN,BIGTEN,21,24,actionnetwork,7.5,28.5
255661,2025,14,Southern Miss Golden Eagles,Troy Trojans,SUNBELT,SUNBELT,3,14,actionnetwork,-3.5,24.5
255662,2025,14,Tennessee Volunteers,Vanderbilt Commodores,SEC,SEC,21,21,actionnetwork,-0.5,32.5
255672,2025,14,Duke Blue Devils,Wake Forest Demon Deacons,ACC,ACC,21,17,actionnetwork,-0.5,27.5
255673,2025,14,Arkansas Razorbacks,Missouri Tigers,SEC,SEC,17,14,actionnetwork,2.5,27.5
255681,2025,14,Oklahoma Sooners,LSU Tigers,SEC,SEC,3,3,actionnetwork,-6.5,17.5
255644,2025,14,Coastal Carolina Chanticleers,James Madison Dukes,SUNBELT,SUNBELT,10,20,actionnetwork,13.5,28.5
255663,2025,14,Florida Gators,Florida State Seminoles,SEC,ACC,17,14,actionnetwork,-0.5,24.5
255627,2025,14,Washington State Cougars,Oregon State Beavers,PAC12,PAC12,19,0,actionnetwork,-7.5,21.5
255626,2025,14,Michigan State Spartans,Maryland Terrapins,BIGTEN,BIGTEN,24,7,actionnetwork,-2.5,23.5
255654,2025,14,Virginia Cavaliers,Virginia Tech Hokies,ACC,ACC,14,0,actionnetwork,-5.5,26.5
255682,2025,14,South Florida Bulls,Rice Owls,AMERICAN,AMERICAN,28,3,actionnetwork,-16.5,30.5
255636,2025,14,Illinois Fighting Illini,Northwestern Wildcats,BIGTEN,BIGTEN,14,10,actionnetwork,-3.5,21.5
255645,2025,14,Auburn Tigers,Alabama Crimson Tide,SEC,SEC,6,17,actionnetwork,3.5,23.5
255655,2025,14,North Carolina State Wolfpack,North Carolina Tar Heels,ACC,ACC,28,10,actionnetwork,-4.5,23.5
255656,2025,14,USC Trojans,UCLA Bruins,BIGTEN,BIGTEN,7,10,actionnetwork,-12.5,30.5
255677,2025,14,Tulane Green Wave,Charlotte 49ers,AMERICAN,AMERICAN,21,0,actionnetwork,-17.5,28.5
255668,2025,14,California Golden Bears,SMU Mustangs,ACC,ACC,17,7,actionnetwork,7.5,27.5
255631,2025,14,Nevada Wolf Pack,UNLV Rebels,MOUNTAINWEST,MOUNTAINWEST,3,28,actionnetwork,4.5,26.5
255638,2025,14,San Jose State Spartans,Fresno State Bulldogs,MOUNTAINWEST,PAC12,7,21,actionnetwork,1.5,22.5
255652,2025,14,Stanford Cardinal,Notre Dame Fighting Irish,ACC,IAINDEPENDENTS,3,35,actionnetwork,18.5,27.5
255634,2025,14,Hawai'i Warriors,Wyoming Cowboys,MOUNTAINWEST,MOUNTAINWEST,20,7,actionnetwork,-5.5,22.5
282945,2025,15,Western Michigan Broncos,Miami (OH) RedHawks,MIDAMERICAN,MIDAMERICAN,16,6,actionnetwork,-0.5,20.5
282949,2025,15,Alabama Crimson Tide,Georgia Bulldogs,SEC,SEC,0,14,actionnetwork,0.5,23.5
282941,2025,15,Ohio State Buckeyes,Indiana Hoosiers,BIGTEN,BIGTEN,10,6,actionnetwork,-2.5,22.5
282950,2025,15,Virginia Cavaliers,Duke Blue Devils,ACC,ACC,7,14,actionnetwork,-2.5,28.5
254247,2025,2,Louisville Cardinals,James Madison Dukes,ACC,SUNBELT,6,7,actionnetwork,-9.5,27.5
254290,2025,2,Northwestern Wildcats,Western Illinois Leathernecks,BIGTEN,BIGSOUTHOVC,22,0,actionnetwork,-17.5,27.5
254344,2025,2,Maryland Terrapins,Northern Illinois Huskies,BIGTEN,MOUNTAINWEST,10,3,actionnetwork,-9.5,22.5
254323,2025,2,Boise State Broncos,Eastern Washington Eagles,PAC12,BIGSKY,30,7,actionnetwork,-18.5,31.5
254275,2025,2,Jacksonville State Gamecocks,Liberty Flames,CONFERENCEUSA,CONFERENCEUSA,17,10,actionnetwork,3.5,24.5
254282,2025,2,Duke Blue Devils,Illinois Fighting Illini,ACC,BIGTEN,13,14,actionnetwork,0.5,23.5
254292,2025,2,Indiana Hoosiers,Kennesaw State Owls,BIGTEN,CONFERENCEUSA,21,6,actionnetwork,-21.5,28.5
254295,2025,2,Pittsburgh Panthers,Central Michigan Chippewas,ACC,MIDAMERICAN,24,10,actionnetwork,-13.5,24.5
254298,2025,2,Iowa State Cyclones,Iowa Hawkeyes,BIG12,BIGTEN,13,10,actionnetwork,-1.5,20.5
254306,2025,2,Florida State Seminoles,East Texas A&M Lions,ACC,SOUTHLAND,49,0,actionnetwork,-26.5,32.5
254312,2025,2,Texas Tech Red Raiders,Kent State Golden Flashes,BIG12,MIDAMERICAN,48,0,actionnetwork,-28.5,35.5
254319,2025,2,Penn State Nittany Lions,Florida International Panthers,BIGTEN,CONFERENCEUSA,10,0,actionnetwork,-26.5,30.5
254335,2025,2,Minnesota Golden Gophers,Northwestern State Demons,BIGTEN,SOUTHLAND,59,0,actionnetwork,-24.5,29.5
254341,2025,2,Texas Longhorns,San Jose State Spartans,SEC,MOUNTAINWEST,28,7,actionnetwork,-21.5,28.5
254354,2025,2,North Carolina State Wolfpack,Virginia Cavaliers,ACC,ACC,14,24,actionnetwork,-1.5,26.5
254356,2025,2,Syracuse Orange,UConn Huskies,ACC,IAINDEPENDENTS,6,14,actionnetwork,-3.5,27.5
254315,2025,2,Texas A&M Aggies,Utah State Aggies,SEC,PAC12,30,6,actionnetwork,-20.5,30.5
254273,2025,2,Temple Owls,Howard Bison,AMERICAN,MEAC,31,7,actionnetwork,-14.5,24.5
254286,2025,2,Wake Forest Demon Deacons,Western Carolina Catamounts,ACC,SOUTHERN,21,3,actionnetwork,-11.5,34.5
254355,2025,2,Georgia Bulldogs,Austin Peay Governors,SEC,UAC,14,3,actionnetwork,-26.5,31.5
254288,2025,2,New Mexico Lobos,Idaho State Bengals,MOUNTAINWEST,BIGSKY,14,10,actionnetwork,-9.5,31.5
254261,2025,2,Colorado Buffaloes,Delaware Fightin Blue Hens,BIG12,CONFERENCEUSA,17,7,actionnetwork,-13.5,26.5
254262,2025,2,Tennessee Volunteers,East Tennessee State Buccaneers,SEC,SOUTHERN,48,7,actionnetwork,-22.5,30.5
254263,2025,2,Oregon State Beavers,Fresno State Bulldogs,PAC12,PAC12,15,20,actionnetwork,-0.5,21.5
254265,2025,2,UTSA Roadrunners,Texas State Bobcats,AMERICAN,PAC12,14,19,actionnetwork,-2.5,33.5
254267,2025,2,Oregon Ducks,Oklahoma State Cowboys,BIGTEN,BIG12,41,3,actionnetwork,-17.5,29.5
254272,2025,2,Rutgers Scarlet Knights,Miami (OH) RedHawks,BIGTEN,MIDAMERICAN,24,10,actionnetwork,-7.5,22.5
254276,2025,2,Navy Midshipmen,UAB Blazers,AMERICAN,AMERICAN,24,24,actionnetwork,-11.5,30.5
254278,2025,2,Cincinnati Bearcats,Bowling Green Falcons,BIG12,MIDAMERICAN,21,3,actionnetwork,-12.5,23.5
254279,2025,2,Kentucky Wildcats,Ole Miss Rebels,SEC,SEC,13,17,actionnetwork,5.5,24.5
254283,2025,2,Georgia Tech Yellow Jackets,Gardner-Webb Runnin' Bulldogs,ACC,BIGSOUTHOVC,28,6,actionnetwork,-20.5,32.5
254285,2025,2,Clemson Tigers,Troy Trojans,ACC,SUNBELT,3,16,actionnetwork,-18.5,27.5
254297,2025,2,Western Michigan Broncos,North Texas Mean Green,MIDAMERICAN,AMERICAN,17,7,actionnetwork,6.5,28.5
254309,2025,2,Ohio State Buckeyes,Grambling State Tigers,BIGTEN,SWAC,35,0,actionnetwork,-30.5,35.5
254318,2025,2,Buffalo Bulls,St. Francis (PA) Red Flash,MIDAMERICAN,NORTHEAST,24,0,actionnetwork,-21.5,27.5
254321,2025,2,Missouri Tigers,Kansas Jayhawks,SEC,BIG12,21,21,actionnetwork,-3.5,24.5
254329,2025,2,UMass Minutemen,Bryant Bulldogs,MIDAMERICAN,CAA,20,10,actionnetwork,-9.5,27.5
254348,2025,2,Appalachian State Mountaineers,Lindenwood Lions,SUNBELT,BIGSOUTHOVC,14,6,actionnetwork,-18.5,30.5
254324,2025,2,Wisconsin Badgers,Middle Tennessee Blue Raiders,BIGTEN,CONFERENCEUSA,14,10,actionnetwork,-16.5,24.5
254325,2025,2,Ohio Bobcats,West Virginia Mountaineers,MIDAMERICAN,BIG12,17,7,actionnetwork,2.5,28.5
254343,2025,2,Wyoming Cowboys,Northern Iowa Panthers,MOUNTAINWEST,MISSOURIVALLEY,17,7,actionnetwork,-7.5,23.5
254253,2025,2,Florida Gators,South Florida Bulls,SEC,AMERICAN,9,6,actionnetwork,-10.5,30.5
254316,2025,2,Nevada Wolf Pack,Sacramento State Hornets,MOUNTAINWEST,MIDAMERICAN,13,17,actionnetwork,-4.5,27.5
254332,2025,2,Southern Miss Golden Eagles,Jackson State Tigers,SUNBELT,SWAC,17,10,actionnetwork,-9.5,29.5
254336,2025,2,Arkansas Razorbacks,Arkansas State Red Wolves,SEC,SUNBELT,35,14,actionnetwork,-13.5,32.5
254281,2025,2,East Carolina Pirates,Campbell Fighting Camels,AMERICAN,CAA,35,3,actionnetwork,-17.5,30.5
254287,2025,2,Old Dominion Monarchs,North Carolina Central Eagles,SUNBELT,MEAC,16,3,actionnetwork,-12.5,25.5
254291,2025,2,Utah Utes,Cal Poly Mustangs,BIG12,BIGSKY,35,6,actionnetwork,-24.5,30.5
254310,2025,2,Florida Atlantic Owls,Florida A&M Rattlers,AMERICAN,SWAC,39,0,actionnetwork,-12.5,26.5
254328,2025,2,Marshall Thundering Herd,Missouri State Bears,SUNBELT,CONFERENCEUSA,17,7,actionnetwork,-4.5,27.5
254357,2025,2,California Golden Bears,Texas Southern Tigers,ACC,SWAC,11,0,actionnetwork,-25.5,30.5
254248,2025,2,Colorado State Rams,Northern Colorado Bears,PAC12,BIGSKY,0,10,actionnetwork,-20.5,30.5
254250,2025,2,Miami (FL) Hurricanes,Bethune-Cookman Wildcats,ACC,SWAC,28,3,actionnetwork,-31.5,36.5
254251,2025,2,Toledo Rockets,Western Kentucky Hilltoppers,MIDAMERICAN,CONFERENCEUSA,31,7,actionnetwork,-4.5,28.5
254255,2025,2,Georgia State Panthers,Memphis Tigers,SUNBELT,AMERICAN,16,17,actionnetwork,7.5,28.5
254271,2025,2,Kansas State Wildcats,Army Black Knights,BIG12,AMERICAN,13,7,actionnetwork,-9.5,24.5
254296,2025,2,South Alabama Jaguars,Tulane Green Wave,SUNBELT,AMERICAN,14,24,actionnetwork,7.5,26.5
254330,2025,2,UCF Knights,North Carolina A&T Aggies,BIG12,CAA,40,0,actionnetwork,-21.5,28.5
254333,2025,2,Eastern Michigan Eagles,Long Island Sharks,MIDAMERICAN,NORTHEAST,10,14,actionnetwork,-12.5,28.5
254345,2025,2,Rice Owls,Houston Cougars,AMERICAN,BIG12,3,7,actionnetwork,7.5,19.5
254252,2025,2,Purdue Boilermakers,Southern Illinois Salukis,BIGTEN,MISSOURIVALLEY,24,14,actionnetwork,-11.5,27.5
254256,2025,2,Oklahoma Sooners,Michigan Wolverines,SEC,BIGTEN,14,0,actionnetwork,-2.5,20.5
254260,2025,2,Nebraska Cornhuskers,Akron Zips,BIGTEN,MIDAMERICAN,33,0,actionnetwork,-20.5,26.5
254266,2025,2,Charlotte 49ers,North Carolina Tar Heels,AMERICAN,ACC,3,17,actionnetwork,7.5,24.5
254300,2025,2,Virginia Tech Hokies,Vanderbilt Commodores,ACC,SEC,20,10,actionnetwork,-0.5,21.5
254308,2025,2,Michigan State Spartans,Boston College Eagles,BIGTEN,ACC,14,21,actionnetwork,-2.5,22.5
254314,2025,2,Auburn Tigers,Ball State Cardinals,SEC,MIDAMERICAN,21,0,actionnetwork,-26.5,30.5
254327,2025,2,USC Trojans,Georgia Southern Eagles,BIGTEN,SUNBELT,31,13,actionnetwork,-17.5,33.5
254334,2025,2,LSU Tigers,Louisiana Tech Bulldogs,SEC,SUNBELT,10,0,actionnetwork,-21.5,27.5
254346,2025,2,Coastal Carolina Chanticleers,Charleston Southern Buccaneers,SUNBELT,BIGSOUTHOVC,3,0,actionnetwork,-16.5,27.5
254349,2025,2,Mississippi State Bulldogs,Arizona State Sun Devils,SEC,BIG12,17,3,actionnetwork,3.5,29.5
254303,2025,2,Alabama Crimson Tide,UL-Monroe Warhawks,SEC,SUNBELT,42,0,actionnetwork,-20.5,27.5
254277,2025,2,Louisiana Ragin' Cajuns,McNeese State Cowboys,SUNBELT,SOUTHLAND,17,7,actionnetwork,-11.5,27.5
254299,2025,2,UNLV Rebels,UCLA Bruins,MOUNTAINWEST,BIGTEN,23,3,actionnetwork,0.5,27.5
254304,2025,2,UTEP Miners,Tennessee-Martin Skyhawks,MOUNTAINWEST,BIGSOUTHOVC,28,7,actionnetwork,-4.5,25.5
254311,2025,2,New Mexico State Aggies,Tulsa Golden Hurricane,CONFERENCEUSA,AMERICAN,3,0,actionnetwork,2.5,25.5
254313,2025,2,South Carolina Gamecocks,South Carolina State Bulldogs,SEC,MEAC,17,3,actionnetwork,-25.5,29.5
254358,2025,2,Arizona Wildcats,Weber State Wildcats,BIG12,BIGSKY,34,0,actionnetwork,-18.5,30.5
254284,2025,2,Washington State Cougars,San Diego State Aztecs,PAC12,PAC12,19,7,actionnetwork,-0.5,23.5
254339,2025,2,BYU Cougars,Stanford Cardinal,BIG12,ACC,14,0,actionnetwork,-11.5,23.5
254350,2025,2,Washington Huskies,UC Davis Aggies,BIGTEN,BIGSKY,42,10,actionnetwork,-17.5,28.5
254270,2025,2,Hawai'i Warriors,Sam Houston State Bearkats,MOUNTAINWEST,CONFERENCEUSA,17,6,actionnetwork,-3.5,23.5
254370,2025,3,Wake Forest Demon Deacons,North Carolina State Wolfpack,ACC,ACC,24,17,actionnetwork,4.5,26.5
254418,2025,3,Indiana Hoosiers,Indiana State Sycamores,BIGTEN,MISSOURIVALLEY,45,0,actionnetwork,-27.5,34.5
254371,2025,3,Syracuse Orange,Colgate Raiders,ACC,PATRIOTLEAGUE,38,3,actionnetwork,-21.5,35.5
254373,2025,3,Houston Cougars,Colorado Buffaloes,BIG12,BIG12,16,14,actionnetwork,-2.5,22.5
254372,2025,3,Arizona Wildcats,Kansas State Wildcats,BIG12,BIG12,17,3,actionnetwork,0.5,27.5
254447,2025,3,UCLA Bruins,New Mexico Lobos,BIGTEN,MOUNTAINWEST,7,14,actionnetwork,-8.5,27.5
254378,2025,3,Georgia Tech Yellow Jackets,Clemson Tigers,ACC,ACC,13,7,actionnetwork,0.5,25.5
254387,2025,3,Kent State Golden Flashes,Buffalo Bulls,MIDAMERICAN,MIDAMERICAN,14,10,actionnetwork,13.5,25.5
254412,2025,3,Alabama Crimson Tide,Wisconsin Badgers,SEC,BIGTEN,21,0,actionnetwork,-10.5,22.5
254426,2025,3,Michigan Wolverines,Central Michigan Chippewas,BIGTEN,MIDAMERICAN,35,3,actionnetwork,-16.5,23.5
254436,2025,3,Troy Trojans,Memphis Tigers,SUNBELT,AMERICAN,7,21,actionnetwork,3.5,26.5
254438,2025,3,Virginia Cavaliers,William & Mary Tribe,ACC,PATRIOTLEAGUE,42,7,actionnetwork,-17.5,27.5
254442,2025,3,Nebraska Cornhuskers,Houston Christian Huskies,BIGTEN,SOUTHLAND,38,0,actionnetwork,-28.5,33.5
254455,2025,3,Northwestern Wildcats,Oregon Ducks,BIGTEN,BIGTEN,0,17,actionnetwork,14.5,26.5
254462,2025,3,Maryland Terrapins,Towson Tigers,BIGTEN,CAA,34,0,actionnetwork,-17.5,29.5
254463,2025,3,Temple Owls,Oklahoma Sooners,AMERICAN,SEC,3,28,actionnetwork,13.5,27.5
254465,2025,3,Baylor Bears,Samford Bulldogs,BIG12,SOUTHERN,35,7,actionnetwork,-29.5,36.5
254431,2025,3,Auburn Tigers,South Alabama Jaguars,SEC,SUNBELT,28,9,actionnetwork,-14.5,30.5
254391,2025,3,Missouri Tigers,Louisiana Ragin' Cajuns,SEC,SUNBELT,38,10,actionnetwork,-15.5,24.5
254467,2025,3,Ball State Cardinals,New Hampshire Wildcats,MIDAMERICAN,CAA,28,21,actionnetwork,-1.5,24.5
254439,2025,3,Delaware Fightin Blue Hens,UConn Huskies,CONFERENCEUSA,IAINDEPENDENTS,28,24,actionnetwork,4.5,26.5
254381,2025,3,Michigan State Spartans,Youngstown State Penguins,BIGTEN,MISSOURIVALLEY,17,10,actionnetwork,-13.5,30.5
254389,2025,3,Toledo Rockets,Morgan State Bears,MIDAMERICAN,MEAC,46,0,actionnetwork,-20.5,30.5
254393,2025,3,Cincinnati Bearcats,Northwestern State Demons,BIG12,SOUTHLAND,56,0,actionnetwork,-28.5,31.5
254394,2025,3,Texas Tech Red Raiders,Oregon State Beavers,BIG12,PAC12,28,0,actionnetwork,-14.5,33.5
254402,2025,3,UTSA Roadrunners,Incarnate Word Cardinals,AMERICAN,SOUTHLAND,24,0,actionnetwork,-11.5,32.5
254407,2025,3,Penn State Nittany Lions,Villanova Wildcats,BIGTEN,PATRIOTLEAGUE,21,0,actionnetwork,-28.5,31.5
254408,2025,3,Purdue Boilermakers,USC Trojans,BIGTEN,BIGTEN,3,17,actionnetwork,11.5,30.5
254413,2025,3,Missouri State Bears,SMU Mustangs,CONFERENCEUSA,ACC,10,14,actionnetwork,16.5,32.5
254423,2025,3,North Carolina Tar Heels,Richmond Spiders,ACC,PATRIOTLEAGUE,20,3,actionnetwork,-14.5,24.5
254440,2025,3,Tennessee Volunteers,Georgia Bulldogs,SEC,SEC,21,17,actionnetwork,2.5,23.5
254443,2025,3,North Texas Mean Green,Washington State Cougars,AMERICAN,PAC12,42,3,actionnetwork,-3.5,28.5
254453,2025,3,Rutgers Scarlet Knights,Norfolk State Spartans,BIGTEN,MEAC,26,3,actionnetwork,-25.5,31.5
254466,2025,3,West Virginia Mountaineers,Pittsburgh Panthers,BIG12,ACC,7,3,actionnetwork,3.5,27.5
254420,2025,3,Arkansas State Red Wolves,Iowa State Cyclones,SUNBELT,BIG12,10,17,actionnetwork,12.5,29.5
254430,2025,3,Texas Longhorns,UTEP Miners,SEC,MOUNTAINWEST,14,3,actionnetwork,-23.5,29.5
254444,2025,3,Miami (FL) Hurricanes,South Florida Bulls,ACC,AMERICAN,28,6,actionnetwork,-10.5,28.5
254451,2025,3,Bowling Green Falcons,Liberty Flames,MIDAMERICAN,CONFERENCEUSA,10,0,actionnetwork,3.5,24.5
254454,2025,3,Nevada Wolf Pack,Middle Tennessee Blue Raiders,MOUNTAINWEST,CONFERENCEUSA,13,0,actionnetwork,-5.5,24.5
254388,2025,3,Marshall Thundering Herd,Eastern Kentucky Colonels,SUNBELT,UAC,31,0,actionnetwork,-8.5,27.5
254399,2025,3,Mississippi State Bulldogs,Alcorn State Braves,SEC,SWAC,42,0,actionnetwork,-24.5,31.5
254401,2025,3,Kennesaw State Owls,Merrimack Warriors,CONFERENCEUSA,IAAINDEPENDENTS,7,0,actionnetwork,-9.5,23.5
254445,2025,3,Charlotte 49ers,Monmouth Hawks,AMERICAN,CAA,7,14,actionnetwork,-2.5,33.5
254450,2025,3,Florida International Panthers,Florida Atlantic Owls,CONFERENCEUSA,AMERICAN,17,21,actionnetwork,-1.5,28.5
254377,2025,3,Ole Miss Rebels,Arkansas Razorbacks,SEC,SEC,31,28,actionnetwork,-2.5,30.5
254414,2025,3,Southern Miss Golden Eagles,Appalachian State Mountaineers,SUNBELT,SUNBELT,17,7,actionnetwork,1.5,27.5
254417,2025,3,Illinois Fighting Illini,Western Michigan Broncos,BIGTEN,MIDAMERICAN,10,0,actionnetwork,-16.5,27.5
254421,2025,3,Ohio State Buckeyes,Ohio Bobcats,BIGTEN,MIDAMERICAN,13,3,actionnetwork,-17.5,27.5
254422,2025,3,Virginia Tech Hokies,Old Dominion Monarchs,ACC,SUNBELT,0,28,actionnetwork,-3.5,25.5
254446,2025,3,Georgia Southern Eagles,Jacksonville State Gamecocks,SUNBELT,CONFERENCEUSA,31,24,actionnetwork,-2.5,28.5
254449,2025,3,Georgia State Panthers,Murray State Racers,SUNBELT,MISSOURIVALLEY,23,7,actionnetwork,-18.5,34.5
254452,2025,3,Rice Owls,Prairie View A&M Panthers,AMERICAN,SWAC,24,7,actionnetwork,-17.5,27.5
254375,2025,3,Louisiana Tech Bulldogs,New Mexico State Aggies,SUNBELT,CONFERENCEUSA,27,14,actionnetwork,-5.5,21.5
254386,2025,3,Iowa Hawkeyes,UMass Minutemen,BIGTEN,MIDAMERICAN,30,7,actionnetwork,-20.5,24.5
254425,2025,3,Coastal Carolina Chanticleers,East Carolina Pirates,SUNBELT,AMERICAN,0,10,actionnetwork,4.5,28.5
254432,2025,3,Kentucky Wildcats,Eastern Michigan Eagles,SEC,MIDAMERICAN,28,16,actionnetwork,-14.5,25.5
254433,2025,3,Notre Dame Fighting Irish,Texas A&M Aggies,IAINDEPENDENTS,SEC,24,28,actionnetwork,-3.5,24.5
254461,2025,3,LSU Tigers,Florida Gators,SEC,SEC,13,10,actionnetwork,-3.5,23.5
254397,2025,3,South Carolina Gamecocks,Vanderbilt Commodores,SEC,SEC,7,14,actionnetwork,-1.5,24.5
254424,2025,3,Tulsa Golden Hurricane,Navy Midshipmen,AMERICAN,AMERICAN,17,21,actionnetwork,7.5,26.5
254456,2025,3,TCU Horned Frogs,Abilene Christian Wildcats,BIG12,UAC,28,0,actionnetwork,-24.5,34.5
254459,2025,3,Tulane Green Wave,Duke Blue Devils,AMERICAN,ACC,24,9,actionnetwork,-0.5,26.5
254460,2025,3,Wyoming Cowboys,Utah Utes,MOUNTAINWEST,BIG12,0,3,actionnetwork,13.5,24.5
254457,2025,3,UAB Blazers,Akron Zips,AMERICAN,MIDAMERICAN,31,20,actionnetwork,-6.5,29.5
254458,2025,3,Utah State Aggies,Air Force Falcons,PAC12,MOUNTAINWEST,14,10,actionnetwork,2.5,24.5
254380,2025,3,Fresno State Bulldogs,Southern University Jaguars,PAC12,SWAC,35,7,actionnetwork,-21.5,29.5
254403,2025,3,Stanford Cardinal,Boston College Eagles,ACC,ACC,20,20,actionnetwork,7.5,23.5
254411,2025,3,California Golden Bears,Minnesota Golden Gophers,ACC,BIGTEN,10,7,actionnetwork,0.5,20.5
254427,2025,3,Arizona State Sun Devils,Texas State Bobcats,BIG12,PAC12,20,3,actionnetwork,-10.5,31.5
254429,2025,3,Hawai'i Warriors,Portland State Vikings,MOUNTAINWEST,BIGSKY,14,0,actionnetwork,-21.5,30.5
254484,2025,4,Charlotte 49ers,Rice Owls,AMERICAN,AMERICAN,9,14,actionnetwork,0.5,20.5
254485,2025,4,Oklahoma State Cowboys,Tulsa Golden Hurricane,BIG12,AMERICAN,3,16,actionnetwork,-5.5,27.5
254529,2025,4,Rutgers Scarlet Knights,Iowa Hawkeyes,BIGTEN,BIGTEN,21,21,actionnetwork,0.5,23.5
254492,2025,4,Virginia Tech Hokies,Wofford Terriers,ACC,SOUTHERN,21,3,actionnetwork,-20.5,28.5
254516,2025,4,Miami (OH) RedHawks,UNLV Rebels,MIDAMERICAN,MOUNTAINWEST,24,10,actionnetwork,0.5,24.5
254523,2025,4,Utah Utes,Texas Tech Red Raiders,BIG12,BIG12,3,10,actionnetwork,-2.5,28.5
254527,2025,4,Army Black Knights,North Texas Mean Green,AMERICAN,AMERICAN,14,28,actionnetwork,1.5,24.5
254533,2025,4,Louisville Cardinals,Bowling Green Falcons,ACC,MIDAMERICAN,21,3,actionnetwork,-14.5,27.5
254536,2025,4,Clemson Tigers,Syracuse Orange,ACC,ACC,14,24,actionnetwork,-9.5,27.5
254537,2025,4,Memphis Tigers,Arkansas Razorbacks,AMERICAN,SEC,17,28,actionnetwork,3.5,29.5
254547,2025,4,South Florida Bulls,South Carolina State Bulldogs,AMERICAN,MEAC,21,7,actionnetwork,-20.5,31.5
254554,2025,4,Wisconsin Badgers,Maryland Terrapins,BIGTEN,BIGTEN,0,20,actionnetwork,-6.5,22.5
254557,2025,4,TCU Horned Frogs,SMU Mustangs,BIG12,ACC,14,10,actionnetwork,-3.5,32.5
254570,2025,4,Tennessee Volunteers,UAB Blazers,SEC,AMERICAN,42,7,actionnetwork,-24.5,38.5
254504,2025,4,Central Michigan Chippewas,Wagner Seahawks,MIDAMERICAN,NORTHEAST,35,3,actionnetwork,-16.5,24.5
254568,2025,4,Oregon Ducks,Oregon State Beavers,BIGTEN,PAC12,21,7,actionnetwork,-21.5,32.5
254496,2025,4,Ohio Bobcats,Gardner-Webb Runnin' Bulldogs,MIDAMERICAN,BIGSOUTHOVC,31,21,actionnetwork,-17.5,31.5
254497,2025,4,UCF Knights,North Carolina Tar Heels,BIG12,ACC,20,3,actionnetwork,-3.5,23.5
254517,2025,4,Ole Miss Rebels,Tulane Green Wave,SEC,AMERICAN,23,3,actionnetwork,-6.5,31.5
254521,2025,4,Nebraska Cornhuskers,Michigan Wolverines,BIGTEN,BIGTEN,17,17,actionnetwork,0.5,23.5
254525,2025,4,Western Michigan Broncos,Toledo Rockets,MIDAMERICAN,MIDAMERICAN,0,3,actionnetwork,7.5,24.5
254526,2025,4,UConn Huskies,Ball State Cardinals,IAINDEPENDENTS,MIDAMERICAN,10,7,actionnetwork,-11.5,27.5
254531,2025,4,Oklahoma Sooners,Auburn Tigers,SEC,SEC,10,10,actionnetwork,-3.5,23.5
254541,2025,4,Buffalo Bulls,Troy Trojans,MIDAMERICAN,SUNBELT,7,0,actionnetwork,-3.5,21.5
254545,2025,4,Liberty Flames,James Madison Dukes,CONFERENCEUSA,SUNBELT,10,10,actionnetwork,4.5,23.5
254553,2025,4,Notre Dame Fighting Irish,Purdue Boilermakers,IAINDEPENDENTS,BIGTEN,35,23,actionnetwork,-14.5,27.5
254566,2025,4,Florida State Seminoles,Kent State Golden Flashes,ACC,MIDAMERICAN,45,7,actionnetwork,-27.5,32.5
254569,2025,4,Eastern Michigan Eagles,Louisiana Ragin' Cajuns,MIDAMERICAN,SUNBELT,21,17,actionnetwork,0.5,24.5
254540,2025,4,Duke Blue Devils,North Carolina State Wolfpack,ACC,ACC,21,20,actionnetwork,-1.5,27.5
254573,2025,4,Mississippi State Bulldogs,Northern Illinois Huskies,SEC,MOUNTAINWEST,14,10,actionnetwork,-14.5,25.5
254544,2025,4,Georgia Tech Yellow Jackets,Temple Owls,ACC,AMERICAN,21,7,actionnetwork,-13.5,28.5
254493,2025,4,San Jose State Spartans,Idaho Vandals,MOUNTAINWEST,BIGSKY,14,14,actionnetwork,-7.5,26.5
254513,2025,4,Akron Zips,Duquesne Dukes,MIDAMERICAN,NORTHEAST,38,0,actionnetwork,-6.5,24.5
254514,2025,4,Kansas Jayhawks,West Virginia Mountaineers,BIG12,BIG12,20,3,actionnetwork,-6.5,27.5
254538,2025,4,Kennesaw State Owls,Arkansas State Red Wolves,CONFERENCEUSA,SUNBELT,21,7,actionnetwork,2.5,28.5
254558,2025,4,Florida International Panthers,Delaware Fightin Blue Hens,CONFERENCEUSA,CONFERENCEUSA,7,24,actionnetwork,-2.5,27.5
254508,2025,4,Missouri State Bears,Tennessee-Martin Skyhawks,CONFERENCEUSA,BIGSOUTHOVC,35,0,actionnetwork,-9.5,30.5
254509,2025,4,Air Force Falcons,Boise State Broncos,MOUNTAINWEST,PAC12,14,21,actionnetwork,6.5,25.5
254519,2025,4,Georgia Southern Eagles,Maine Black Bears,SUNBELT,CAA,17,14,actionnetwork,-13.5,31.5
254520,2025,4,Western Kentucky Hilltoppers,Nevada Wolf Pack,CONFERENCEUSA,MOUNTAINWEST,3,10,actionnetwork,-4.5,27.5
254530,2025,4,Middle Tennessee Blue Raiders,Marshall Thundering Herd,CONFERENCEUSA,SUNBELT,20,21,actionnetwork,1.5,22.5
254534,2025,4,South Alabama Jaguars,Coastal Carolina Chanticleers,SUNBELT,SUNBELT,14,7,actionnetwork,-8.5,26.5
254555,2025,4,Jacksonville State Gamecocks,Murray State Racers,CONFERENCEUSA,MISSOURIVALLEY,24,3,actionnetwork,-21.5,33.5
254577,2025,4,Missouri Tigers,South Carolina Gamecocks,SEC,SEC,12,14,actionnetwork,-6.5,24.5
254487,2025,4,Vanderbilt Commodores,Georgia State Panthers,SEC,SUNBELT,42,9,actionnetwork,-16.5,28.5
254491,2025,4,Indiana Hoosiers,Illinois Fighting Illini,BIGTEN,BIGTEN,35,10,actionnetwork,-3.5,25.5
254515,2025,4,East Carolina Pirates,BYU Cougars,AMERICAN,BIG12,3,13,actionnetwork,3.5,24.5
254522,2025,4,Louisiana Tech Bulldogs,Southern Miss Golden Eagles,SUNBELT,SUNBELT,30,10,actionnetwork,-2.5,25.5
254556,2025,4,Virginia Cavaliers,Stanford Cardinal,ACC,ACC,28,14,actionnetwork,-9.5,24.5
254560,2025,4,Washington State Cougars,Washington Huskies,PAC12,BIGTEN,10,24,actionnetwork,11.5,27.5
254564,2025,4,Baylor Bears,Arizona State Sun Devils,BIG12,BIG12,10,10,actionnetwork,-0.5,30.5
254575,2025,4,Miami (FL) Hurricanes,Florida Gators,ACC,SEC,13,0,actionnetwork,-4.5,24.5
254510,2025,4,LSU Tigers,Southeastern Louisiana Lions,SEC,SOUTHLAND,35,0,actionnetwork,-28.5,34.5
254488,2025,4,Texas State Bobcats,Nicholls State Colonels,PAC12,SOUTHLAND,28,3,actionnetwork,-18.5,31.5
254543,2025,4,Texas Longhorns,Sam Houston State Bearkats,SEC,CONFERENCEUSA,31,0,actionnetwork,-24.5,29.5
254550,2025,4,Utah State Aggies,McNeese State Cowboys,PAC12,SOUTHLAND,34,7,actionnetwork,-14.5,34.5
254567,2025,4,UTEP Miners,UL-Monroe Warhawks,MOUNTAINWEST,SUNBELT,7,24,actionnetwork,-3.5,23.5
254562,2025,4,Colorado State Rams,UTSA Roadrunners,PAC12,AMERICAN,3,10,actionnetwork,3.5,29.5
254532,2025,4,Colorado Buffaloes,Wyoming Cowboys,BIG12,MOUNTAINWEST,21,3,actionnetwork,-6.5,23.5
254542,2025,4,San Diego State Aztecs,California Golden Bears,PAC12,ACC,13,0,actionnetwork,7.5,23.5
254548,2025,4,USC Trojans,Michigan State Spartans,BIGTEN,BIGTEN,24,10,actionnetwork,-10.5,28.5
254565,2025,4,Hawai'i Warriors,Fresno State Bulldogs,MOUNTAINWEST,PAC12,9,7,actionnetwork,0.5,23.5
254593,2025,5,East Carolina Pirates,Army Black Knights,AMERICAN,AMERICAN,21,0,actionnetwork,-2.5,26.5
254594,2025,5,Virginia Cavaliers,Florida State Seminoles,ACC,ACC,21,21,actionnetwork,3.5,30.5
254595,2025,5,Arizona State Sun Devils,TCU Horned Frogs,BIG12,BIG12,14,17,actionnetwork,-1.5,27.5
254607,2025,5,Oregon State Beavers,Houston Cougars,PAC12,BIG12,14,10,actionnetwork,7.5,23.5
254612,2025,5,Minnesota Golden Gophers,Rutgers Scarlet Knights,BIGTEN,BIGTEN,14,21,actionnetwork,-2.5,25.5
254615,2025,5,Pittsburgh Panthers,Louisville Cardinals,ACC,ACC,27,17,actionnetwork,1.5,27.5
254620,2025,5,North Texas Mean Green,South Alabama Jaguars,AMERICAN,SUNBELT,14,7,actionnetwork,-6.5,32.5
254630,2025,5,Arkansas Razorbacks,Notre Dame Fighting Irish,SEC,IAINDEPENDENTS,13,42,actionnetwork,3.5,31.5
254634,2025,5,Kansas State Wildcats,UCF Knights,BIG12,BIG12,17,7,actionnetwork,-3.5,24.5
254644,2025,5,Illinois Fighting Illini,USC Trojans,BIGTEN,BIGTEN,14,10,actionnetwork,3.5,31.5
254648,2025,5,Kansas Jayhawks,Cincinnati Bearcats,BIG12,BIG12,13,20,actionnetwork,-3.5,28.5
254662,2025,5,Ohio Bobcats,Bowling Green Falcons,MIDAMERICAN,MIDAMERICAN,21,13,actionnetwork,-4.5,24.5
254666,2025,5,Wake Forest Demon Deacons,Georgia Tech Yellow Jackets,ACC,ACC,17,3,actionnetwork,7.5,27.5
254670,2025,5,Syracuse Orange,Duke Blue Devils,ACC,ACC,3,24,actionnetwork,2.5,29.5
254623,2025,5,Vanderbilt Commodores,Utah State Aggies,SEC,PAC12,31,21,actionnetwork,-13.5,30.5
254640,2025,5,Central Michigan Chippewas,Eastern Michigan Eagles,MIDAMERICAN,MIDAMERICAN,21,6,actionnetwork,-2.5,27.5
254665,2025,5,James Madison Dukes,Georgia Southern Eagles,SUNBELT,SUNBELT,21,3,actionnetwork,-7.5,27.5
254632,2025,5,UL-Monroe Warhawks,Arkansas State Red Wolves,SUNBELT,SUNBELT,14,10,actionnetwork,-0.5,27.5
254597,2025,5,West Virginia Mountaineers,Utah Utes,BIG12,BIG12,0,28,actionnetwork,6.5,22.5
254601,2025,5,Northern Illinois Huskies,San Diego State Aztecs,MOUNTAINWEST,PAC12,3,3,actionnetwork,0.5,20.5
254602,2025,5,Washington Huskies,Ohio State Buckeyes,BIGTEN,BIGTEN,3,7,actionnetwork,4.5,26.5
254618,2025,5,Texas A&M Aggies,Auburn Tigers,SEC,SEC,13,3,actionnetwork,-3.5,25.5
254642,2025,5,Iowa Hawkeyes,Indiana Hoosiers,BIGTEN,BIGTEN,10,10,actionnetwork,3.5,23.5
254646,2025,5,Ole Miss Rebels,LSU Tigers,SEC,SEC,17,7,actionnetwork,-2.5,29.5
254651,2025,5,Buffalo Bulls,UConn Huskies,MIDAMERICAN,IAINDEPENDENTS,7,7,actionnetwork,1.5,24.5
254654,2025,5,Oklahoma State Cowboys,Baylor Bears,BIG12,BIG12,20,28,actionnetwork,11.5,30.5
254656,2025,5,Navy Midshipmen,Rice Owls,AMERICAN,AMERICAN,14,0,actionnetwork,-7.5,23.5
254667,2025,5,Boston College Eagles,California Golden Bears,ACC,ACC,17,14,actionnetwork,-3.5,26.5
254675,2025,5,Northwestern Wildcats,UCLA Bruins,BIGTEN,BIGTEN,17,3,actionnetwork,-3.5,22.5
254676,2025,5,Toledo Rockets,Akron Zips,MIDAMERICAN,MIDAMERICAN,35,3,actionnetwork,-12.5,26.5
254635,2025,5,Air Force Falcons,Hawai'i Warriors,MOUNTAINWEST,MOUNTAINWEST,7,17,actionnetwork,-3.5,26.5
254649,2025,5,Tulsa Golden Hurricane,Tulane Green Wave,AMERICAN,AMERICAN,14,24,actionnetwork,7.5,27.5
254650,2025,5,New Mexico Lobos,New Mexico State Aggies,MOUNTAINWEST,CONFERENCEUSA,14,17,actionnetwork,-8.5,27.5
254628,2025,5,Mississippi State Bulldogs,Tennessee Volunteers,SEC,SEC,17,17,actionnetwork,4.5,31.5
254633,2025,5,Kennesaw State Owls,Middle Tennessee Blue Raiders,CONFERENCEUSA,CONFERENCEUSA,21,10,actionnetwork,-3.5,26.5
254643,2025,5,Old Dominion Monarchs,Liberty Flames,SUNBELT,CONFERENCEUSA,14,0,actionnetwork,-9.5,27.5
254599,2025,5,Missouri State Bears,Western Kentucky Hilltoppers,CONFERENCEUSA,CONFERENCEUSA,9,10,actionnetwork,2.5,29.5
254627,2025,5,North Carolina State Wolfpack,Virginia Tech Hokies,ACC,ACC,7,13,actionnetwork,-5.5,29.5
254639,2025,5,Florida Atlantic Owls,Memphis Tigers,AMERICAN,AMERICAN,16,17,actionnetwork,7.5,31.5
254652,2025,5,Iowa State Cyclones,Arizona Wildcats,BIG12,BIG12,22,7,actionnetwork,-2.5,23.5
254669,2025,5,Southern Miss Golden Eagles,Jacksonville State Gamecocks,SUNBELT,CONFERENCEUSA,21,3,actionnetwork,-3.5,27.5
254600,2025,5,Stanford Cardinal,San Jose State Spartans,ACC,MOUNTAINWEST,14,20,actionnetwork,-1.5,23.5
254613,2025,5,Boise State Broncos,Appalachian State Mountaineers,PAC12,SUNBELT,24,7,actionnetwork,-9.5,30.5
254617,2025,5,Colorado State Rams,Washington State Cougars,PAC12,PAC12,3,20,actionnetwork,-3.5,23.5
254637,2025,5,Penn State Nittany Lions,Oregon Ducks,BIGTEN,BIGTEN,3,3,actionnetwork,-2.5,26.5
254641,2025,5,Georgia Bulldogs,Alabama Crimson Tide,SEC,SEC,14,24,actionnetwork,-0.5,26.5
254655,2025,5,Missouri Tigers,UMass Minutemen,SEC,MIDAMERICAN,21,6,actionnetwork,-27.5,33.5
254647,2025,5,South Carolina Gamecocks,Kentucky Wildcats,SEC,SEC,28,10,actionnetwork,-2.5,23.5
254606,2025,5,Louisiana Ragin' Cajuns,Marshall Thundering Herd,SUNBELT,SUNBELT,17,17,actionnetwork,-0.5,23.5
254659,2025,5,UTEP Miners,Louisiana Tech Bulldogs,MOUNTAINWEST,SUNBELT,0,7,actionnetwork,2.5,23.5
254604,2025,5,Colorado Buffaloes,BYU Cougars,BIG12,BIG12,14,10,actionnetwork,3.5,24.5
254697,2025,6,New Mexico State Aggies,Sam Houston State Bearkats,CONFERENCEUSA,CONFERENCEUSA,10,3,actionnetwork,0.5,26.5
254699,2025,6,Delaware Fightin Blue Hens,Western Kentucky Hilltoppers,CONFERENCEUSA,CONFERENCEUSA,17,10,actionnetwork,-0.5,29.5
254700,2025,6,South Florida Bulls,Charlotte 49ers,AMERICAN,AMERICAN,33,7,actionnetwork,-16.5,30.5
254750,2025,6,San Jose State Spartans,New Mexico Lobos,MOUNTAINWEST,MOUNTAINWEST,21,17,actionnetwork,-0.5,28.5
254698,2025,6,BYU Cougars,West Virginia Mountaineers,BIG12,BIG12,28,10,actionnetwork,-10.5,23.5
254739,2025,6,San Diego State Aztecs,Colorado State Rams,PAC12,PAC12,28,10,actionnetwork,-2.5,20.5
254716,2025,6,Georgia Bulldogs,Kentucky Wildcats,SEC,SEC,21,7,actionnetwork,-11.5,25.5
254732,2025,6,Cincinnati Bearcats,Iowa State Cyclones,BIG12,BIG12,31,15,actionnetwork,-0.5,26.5
254738,2025,6,Baylor Bears,Kansas State Wildcats,BIG12,BIG12,17,17,actionnetwork,-2.5,30.5
254744,2025,6,UAB Blazers,Army Black Knights,AMERICAN,AMERICAN,7,10,actionnetwork,3.5,27.5
254748,2025,6,Purdue Boilermakers,Illinois Fighting Illini,BIGTEN,BIGTEN,14,27,actionnetwork,4.5,27.5
254752,2025,6,Navy Midshipmen,Air Force Falcons,AMERICAN,MOUNTAINWEST,17,10,actionnetwork,-7.5,26.5
254753,2025,6,Michigan Wolverines,Wisconsin Badgers,BIGTEN,BIGTEN,10,7,actionnetwork,-9.5,21.5
254754,2025,6,Ball State Cardinals,Ohio Bobcats,MIDAMERICAN,MIDAMERICAN,0,14,actionnetwork,7.5,26.5
254782,2025,6,North Carolina Tar Heels,Clemson Tigers,ACC,ACC,3,35,actionnetwork,8.5,23.5
254783,2025,6,Pittsburgh Panthers,Boston College Eagles,ACC,ACC,31,0,actionnetwork,-3.5,27.5
254711,2025,6,Temple Owls,UTSA Roadrunners,AMERICAN,AMERICAN,3,14,actionnetwork,3.5,29.5
254736,2025,6,Virginia Tech Hokies,Wake Forest Demon Deacons,ACC,ACC,14,24,actionnetwork,-3.5,25.5
254761,2025,6,North Carolina State Wolfpack,Campbell Fighting Camels,ACC,CAA,49,7,actionnetwork,-24.5,34.5
254703,2025,6,UMass Minutemen,Western Michigan Broncos,MIDAMERICAN,MIDAMERICAN,3,7,actionnetwork,6.5,23.5
254778,2025,6,Arizona Wildcats,Oklahoma State Cowboys,BIG12,BIG12,24,6,actionnetwork,-11.5,29.5
254706,2025,6,Florida Gators,Texas Longhorns,SEC,SEC,19,7,actionnetwork,3.5,20.5
254723,2025,6,Maryland Terrapins,Washington Huskies,BIGTEN,BIGTEN,13,0,actionnetwork,2.5,25.5
254728,2025,6,Northern Illinois Huskies,Miami (OH) RedHawks,MOUNTAINWEST,MIDAMERICAN,14,10,actionnetwork,2.5,20.5
254731,2025,6,Georgia State Panthers,James Madison Dukes,SUNBELT,SUNBELT,7,0,actionnetwork,10.5,27.5
254734,2025,6,Buffalo Bulls,Eastern Michigan Eagles,MIDAMERICAN,MIDAMERICAN,14,14,actionnetwork,-5.5,26.5
254741,2025,6,SMU Mustangs,Syracuse Orange,ACC,ACC,24,3,actionnetwork,-10.5,29.5
254742,2025,6,Akron Zips,Central Michigan Chippewas,MIDAMERICAN,MIDAMERICAN,14,10,actionnetwork,3.5,23.5
254743,2025,6,Northwestern Wildcats,UL-Monroe Warhawks,BIGTEN,SUNBELT,18,7,actionnetwork,-6.5,21.5
254747,2025,6,Alabama Crimson Tide,Vanderbilt Commodores,SEC,SEC,14,14,actionnetwork,-6.5,28.5
254765,2025,6,Louisville Cardinals,Virginia Cavaliers,ACC,ACC,14,14,actionnetwork,-3.5,30.5
254770,2025,6,UCLA Bruins,Penn State Nittany Lions,BIGTEN,BIGTEN,27,7,actionnetwork,14.5,26.5
254776,2025,6,Appalachian State Mountaineers,Oregon State Beavers,SUNBELT,PAC12,17,14,actionnetwork,-0.5,26.5
254780,2025,6,Notre Dame Fighting Irish,Boise State Broncos,IAINDEPENDENTS,PAC12,14,7,actionnetwork,-12.5,33.5
254781,2025,6,UConn Huskies,Florida International Panthers,IAINDEPENDENTS,CONFERENCEUSA,27,3,actionnetwork,-4.5,26.5
254721,2025,6,Nebraska Cornhuskers,Michigan State Spartans,BIGTEN,BIGTEN,14,7,actionnetwork,-6.5,23.5
254746,2025,6,Oklahoma Sooners,Kent State Golden Flashes,SEC,MIDAMERICAN,23,0,actionnetwork,-28.5,31.5
254760,2025,6,Arkansas State Red Wolves,Texas State Bobcats,SUNBELT,PAC12,10,10,actionnetwork,7.5,31.5
254712,2025,6,Old Dominion Monarchs,Coastal Carolina Chanticleers,SUNBELT,SUNBELT,34,0,actionnetwork,-10.5,28.5
254704,2025,6,Wyoming Cowboys,UNLV Rebels,MOUNTAINWEST,MOUNTAINWEST,3,24,actionnetwork,2.5,24.5
254722,2025,6,Rice Owls,Florida Atlantic Owls,AMERICAN,AMERICAN,7,17,actionnetwork,-2.5,27.5
254758,2025,6,Houston Cougars,Texas Tech Red Raiders,BIG12,BIG12,11,25,actionnetwork,7.5,26.5
254769,2025,6,Troy Trojans,South Alabama Jaguars,SUNBELT,SUNBELT,14,7,actionnetwork,0.5,22.5
254705,2025,6,Texas A&M Aggies,Mississippi State Bulldogs,SEC,SEC,7,3,actionnetwork,-9.5,29.5
254714,2025,6,Ohio State Buckeyes,Minnesota Golden Gophers,BIGTEN,BIGTEN,21,3,actionnetwork,-13.5,23.5
254730,2025,6,UCF Knights,Kansas Jayhawks,BIG12,BIG12,20,14,actionnetwork,3.5,26.5
254749,2025,6,TCU Horned Frogs,Colorado Buffaloes,BIG12,BIG12,14,14,actionnetwork,-7.5,28.5
254771,2025,6,Florida State Seminoles,Miami (FL) Hurricanes,ACC,ACC,3,14,actionnetwork,2.5,27.5
254713,2025,6,Memphis Tigers,Tulsa Golden Hurricane,AMERICAN,AMERICAN,28,7,actionnetwork,-12.5,28.5
254725,2025,6,Fresno State Bulldogs,Nevada Wolf Pack,PAC12,MOUNTAINWEST,20,3,actionnetwork,-7.5,23.5
254751,2025,6,California Golden Bears,Duke Blue Devils,ACC,ACC,21,31,actionnetwork,1.5,27.5
254804,2025,7,Middle Tennessee Blue Raiders,Missouri State Bears,CONFERENCEUSA,CONFERENCEUSA,13,16,actionnetwork,0.5,24.5
254805,2025,7,UTEP Miners,Liberty Flames,MOUNTAINWEST,CONFERENCEUSA,0,13,actionnetwork,0.5,22.5
254808,2025,7,Kennesaw State Owls,Louisiana Tech Bulldogs,CONFERENCEUSA,SUNBELT,14,7,actionnetwork,2.5,23.5
254809,2025,7,Tulane Green Wave,East Carolina Pirates,AMERICAN,AMERICAN,12,0,actionnetwork,-3.5,26.5
254806,2025,7,Georgia Southern Eagles,Southern Miss Golden Eagles,SUNBELT,SUNBELT,7,28,actionnetwork,0.5,30.5
254807,2025,7,Sam Houston State Bearkats,Jacksonville State Gamecocks,CONFERENCEUSA,CONFERENCEUSA,14,17,actionnetwork,3.5,27.5
254810,2025,7,North Texas Mean Green,South Florida Bulls,AMERICAN,AMERICAN,21,21,actionnetwork,-0.5,34.5
254884,2025,7,Washington Huskies,Rutgers Scarlet Knights,BIGTEN,BIGTEN,10,13,actionnetwork,-6.5,30.5
254893,2025,7,Colorado State Rams,Fresno State Bulldogs,PAC12,PAC12,35,14,actionnetwork,3.5,23.5
254817,2025,7,Akron Zips,Miami (OH) RedHawks,MIDAMERICAN,MIDAMERICAN,0,3,actionnetwork,6.5,23.5
254828,2025,7,Michigan State Spartans,UCLA Bruins,BIGTEN,BIGTEN,7,24,actionnetwork,-4.5,26.5
254838,2025,7,Army Black Knights,Charlotte 49ers,AMERICAN,AMERICAN,17,0,actionnetwork,-9.5,23.5
254848,2025,7,SMU Mustangs,Stanford Cardinal,ACC,ACC,17,7,actionnetwork,-10.5,28.5
254853,2025,7,Florida State Seminoles,Pittsburgh Panthers,ACC,ACC,21,14,actionnetwork,-6.5,28.5
254871,2025,7,Cincinnati Bearcats,UCF Knights,BIG12,BIG12,17,3,actionnetwork,-6.5,27.5
254874,2025,7,James Madison Dukes,Louisiana Ragin' Cajuns,SUNBELT,SUNBELT,7,14,actionnetwork,-10.5,23.5
254875,2025,7,Bowling Green Falcons,Toledo Rockets,MIDAMERICAN,MIDAMERICAN,7,21,actionnetwork,6.5,23.5
254882,2025,7,Oklahoma State Cowboys,Houston Cougars,BIG12,BIG12,10,24,actionnetwork,7.5,24.5
254883,2025,7,Illinois Fighting Illini,Ohio State Buckeyes,BIGTEN,BIGTEN,3,20,actionnetwork,7.5,26.5
254892,2025,7,Missouri Tigers,Alabama Crimson Tide,SEC,SEC,10,17,actionnetwork,2.5,26.5
254864,2025,7,Ole Miss Rebels,Washington State Cougars,SEC,PAC12,10,7,actionnetwork,-20.5,31.5
254827,2025,7,Eastern Michigan Eagles,Northern Illinois Huskies,MIDAMERICAN,MOUNTAINWEST,6,3,actionnetwork,0.5,23.5
254856,2025,7,Kent State Golden Flashes,UMass Minutemen,MIDAMERICAN,MIDAMERICAN,21,6,actionnetwork,-0.5,24.5
254814,2025,7,Oregon Ducks,Indiana Hoosiers,BIGTEN,BIGTEN,10,13,actionnetwork,-3.5,26.5
254821,2025,7,Penn State Nittany Lions,Northwestern Wildcats,BIGTEN,BIGTEN,14,13,actionnetwork,-11.5,24.5
254837,2025,7,Maryland Terrapins,Nebraska Cornhuskers,BIGTEN,BIGTEN,17,24,actionnetwork,3.5,23.5
254843,2025,7,Colorado Buffaloes,Iowa State Cyclones,BIG12,BIG12,7,10,actionnetwork,1.5,24.5
254846,2025,7,Western Michigan Broncos,Ball State Cardinals,MIDAMERICAN,MIDAMERICAN,21,0,actionnetwork,-5.5,21.5
254861,2025,7,Kansas State Wildcats,TCU Horned Frogs,BIG12,BIG12,14,7,actionnetwork,1.5,27.5
254866,2025,7,Georgia State Panthers,Appalachian State Mountaineers,SUNBELT,SUNBELT,0,17,actionnetwork,1.5,27.5
254873,2025,7,North Dakota State Bison,Southern Illinois Salukis,MOUNTAINWEST,MISSOURIVALLEY,17,10,actionnetwork,-10.5,30.5
254877,2025,7,Oregon State Beavers,Wake Forest Demon Deacons,PAC12,ACC,0,25,actionnetwork,0.5,23.5
254878,2025,7,Texas Longhorns,Oklahoma Sooners,SEC,SEC,3,6,actionnetwork,-0.5,21.5
254885,2025,7,Marshall Thundering Herd,Old Dominion Monarchs,SUNBELT,SUNBELT,24,10,actionnetwork,7.5,29.5
254887,2025,7,Georgia Tech Yellow Jackets,Virginia Tech Hokies,ACC,ACC,21,7,actionnetwork,-7.5,28.5
254891,2025,7,UNLV Rebels,Air Force Falcons,MOUNTAINWEST,MOUNTAINWEST,13,21,actionnetwork,-4.5,33.5
254894,2025,7,Notre Dame Fighting Irish,North Carolina State Wolfpack,IAINDEPENDENTS,ACC,10,7,actionnetwork,-14.5,31.5
254889,2025,7,Temple Owls,Navy Midshipmen,AMERICAN,AMERICAN,17,7,actionnetwork,5.5,26.5
254868,2025,7,Tennessee Volunteers,Arkansas Razorbacks,SEC,SEC,17,17,actionnetwork,-6.5,35.5
254823,2025,7,Florida Atlantic Owls,UAB Blazers,AMERICAN,AMERICAN,35,14,actionnetwork,-3.5,33.5
254816,2025,7,Wyoming Cowboys,San Jose State Spartans,MOUNTAINWEST,MOUNTAINWEST,14,28,actionnetwork,0.5,24.5
254849,2025,7,Texas A&M Aggies,Florida Gators,SEC,SEC,21,14,actionnetwork,-3.5,23.5
254862,2025,7,Coastal Carolina Chanticleers,UL-Monroe Warhawks,SUNBELT,SUNBELT,16,0,actionnetwork,0.5,22.5
254872,2025,7,Wisconsin Badgers,Iowa Hawkeyes,BIGTEN,BIGTEN,0,23,actionnetwork,3.5,17.5
254854,2025,7,UTSA Roadrunners,Rice Owls,AMERICAN,AMERICAN,38,10,actionnetwork,-5.5,23.5
254855,2025,7,Minnesota Golden Gophers,Purdue Boilermakers,BIGTEN,BIGTEN,13,17,actionnetwork,-4.5,24.5
254858,2025,7,Boston College Eagles,Clemson Tigers,ACC,ACC,10,34,actionnetwork,7.5,27.5
254867,2025,7,USC Trojans,Michigan Wolverines,BIGTEN,BIGTEN,14,7,actionnetwork,-2.5,28.5
254895,2025,7,Texas Tech Red Raiders,Kansas Jayhawks,BIG12,BIG12,21,17,actionnetwork,-7.5,30.5
254896,2025,7,Auburn Tigers,Georgia Bulldogs,SEC,SEC,10,3,actionnetwork,3.5,22.5
254852,2025,7,LSU Tigers,South Carolina Gamecocks,SEC,SEC,10,7,actionnetwork,-4.5,22.5
254819,2025,7,Texas State Bobcats,Troy Trojans,PAC12,SUNBELT,31,17,actionnetwork,-4.5,26.5
254830,2025,7,Arizona Wildcats,BYU Cougars,BIG12,BIG12,17,14,actionnetwork,0.5,23.5
254886,2025,7,Weber State Wildcats,Sacramento State Hornets,BIGSKY,MIDAMERICAN,10,28,actionnetwork,5.5,28.5
254844,2025,7,Boise State Broncos,New Mexico Lobos,PAC12,MOUNTAINWEST,17,14,actionnetwork,-8.5,30.5
254811,2025,7,Utah Utes,Arizona State Sun Devils,BIG12,BIG12,21,3,actionnetwork,-5.5,21.5
254812,2025,7,Nevada Wolf Pack,San Diego State Aztecs,MOUNTAINWEST,PAC12,0,35,actionnetwork,3.5,20.5
254865,2025,7,Hawai'i Warriors,Utah State Aggies,MOUNTAINWEST,PAC12,24,20,actionnetwork,0.5,27.5
254914,2025,8,Liberty Flames,New Mexico State Aggies,CONFERENCEUSA,CONFERENCEUSA,20,6,actionnetwork,-6.5,23.5
254915,2025,8,South Alabama Jaguars,Arkansas State Red Wolves,SUNBELT,SUNBELT,7,3,actionnetwork,-5.5,28.5
254913,2025,8,Western Kentucky Hilltoppers,Florida International Panthers,CONFERENCEUSA,CONFERENCEUSA,6,19,actionnetwork,-6.5,27.5
254916,2025,8,Sam Houston State Bearkats,UTEP Miners,CONFERENCEUSA,MOUNTAINWEST,10,14,actionnetwork,1.5,22.5
254917,2025,8,Jacksonville State Gamecocks,Delaware Fightin Blue Hens,CONFERENCEUSA,CONFERENCEUSA,21,6,actionnetwork,2.5,28.5
254918,2025,8,East Carolina Pirates,Tulsa Golden Hurricane,AMERICAN,AMERICAN,24,14,actionnetwork,-9.5,27.5
254919,2025,8,Miami (FL) Hurricanes,Louisville Cardinals,ACC,ACC,10,14,actionnetwork,-5.5,24.5
254984,2025,8,Minnesota Golden Gophers,Nebraska Cornhuskers,BIGTEN,BIGTEN,7,6,actionnetwork,3.5,23.5
255002,2025,8,Utah State Aggies,San Jose State Spartans,PAC12,MOUNTAINWEST,10,9,actionnetwork,-1.5,31.5
254920,2025,8,California Golden Bears,North Carolina Tar Heels,ACC,ACC,14,10,actionnetwork,-4.5,23.5
254930,2025,8,Duke Blue Devils,Georgia Tech Yellow Jackets,ACC,ACC,7,7,actionnetwork,-2.5,30.5
254939,2025,8,Bowling Green Falcons,Central Michigan Chippewas,MIDAMERICAN,MIDAMERICAN,6,17,actionnetwork,-2.5,21.5
254946,2025,8,Boston College Eagles,UConn Huskies,ACC,IAINDEPENDENTS,20,17,actionnetwork,0.5,28.5
254960,2025,8,TCU Horned Frogs,Baylor Bears,BIG12,BIG12,21,10,actionnetwork,-2.5,33.5
254965,2025,8,Tulane Green Wave,Army Black Knights,AMERICAN,AMERICAN,3,3,actionnetwork,-6.5,22.5
254968,2025,8,Miami (OH) RedHawks,Eastern Michigan Eagles,MIDAMERICAN,MIDAMERICAN,21,14,actionnetwork,-7.5,23.5
254971,2025,8,Michigan Wolverines,Washington Huskies,BIGTEN,BIGTEN,7,7,actionnetwork,-2.5,24.5
254975,2025,8,Houston Cougars,Arizona Wildcats,BIG12,BIG12,21,14,actionnetwork,0.5,23.5
254976,2025,8,Vanderbilt Commodores,LSU Tigers,SEC,SEC,17,13,actionnetwork,-0.5,23.5
254983,2025,8,South Carolina Gamecocks,Oklahoma Sooners,SEC,SEC,7,14,actionnetwork,2.5,20.5
254944,2025,8,UCF Knights,West Virginia Mountaineers,BIG12,BIG12,14,7,actionnetwork,-3.5,21.5
254977,2025,8,Toledo Rockets,Kent State Golden Flashes,MIDAMERICAN,MIDAMERICAN,17,10,actionnetwork,-14.5,25.5
254979,2025,8,UMass Minutemen,Buffalo Bulls,MIDAMERICAN,MIDAMERICAN,14,10,actionnetwork,9.5,23.5
254986,2025,8,UL-Monroe Warhawks,Troy Trojans,SUNBELT,SUNBELT,8,17,actionnetwork,3.5,23.5
254995,2025,8,Northwestern Wildcats,Purdue Boilermakers,BIGTEN,BIGTEN,13,0,actionnetwork,-2.5,23.5
254925,2025,8,Ball State Cardinals,Akron Zips,MIDAMERICAN,MIDAMERICAN,14,15,actionnetwork,0.5,20.5
254929,2025,8,Clemson Tigers,SMU Mustangs,ACC,ACC,7,16,actionnetwork,-2.5,24.5
254933,2025,8,Wisconsin Badgers,Ohio State Buckeyes,BIGTEN,BIGTEN,0,17,actionnetwork,14.5,22.5
254937,2025,8,Air Force Falcons,Wyoming Cowboys,MOUNTAINWEST,MOUNTAINWEST,6,7,actionnetwork,-2.5,28.5
254941,2025,8,Georgia Bulldogs,Ole Miss Rebels,SEC,SEC,20,21,actionnetwork,-4.5,27.5
254943,2025,8,Charlotte 49ers,Temple Owls,AMERICAN,AMERICAN,7,28,actionnetwork,6.5,23.5
254949,2025,8,Marshall Thundering Herd,Texas State Bobcats,SUNBELT,PAC12,13,17,actionnetwork,0.5,33.5
254954,2025,8,Appalachian State Mountaineers,Coastal Carolina Chanticleers,SUNBELT,SUNBELT,24,17,actionnetwork,-6.5,23.5
254959,2025,8,Indiana Hoosiers,Michigan State Spartans,BIGTEN,BIGTEN,21,10,actionnetwork,-14.5,26.5
254966,2025,8,North Texas Mean Green,UTSA Roadrunners,AMERICAN,AMERICAN,24,14,actionnetwork,-2.5,31.5
254970,2025,8,James Madison Dukes,Old Dominion Monarchs,SUNBELT,SUNBELT,28,27,actionnetwork,-1.5,23.5
254982,2025,8,Ohio Bobcats,Northern Illinois Huskies,MIDAMERICAN,MOUNTAINWEST,21,8,actionnetwork,-6.5,20.5
254992,2025,8,Boise State Broncos,UNLV Rebels,PAC12,MOUNTAINWEST,28,24,actionnetwork,-7.5,30.5
254962,2025,8,Arizona State Sun Devils,Texas Tech Red Raiders,BIG12,BIG12,9,7,actionnetwork,3.5,25.5
254972,2025,8,UAB Blazers,Memphis Tigers,AMERICAN,AMERICAN,17,14,actionnetwork,13.5,31.5
254951,2025,8,Florida Gators,Mississippi State Bulldogs,SEC,SEC,13,7,actionnetwork,-5.5,25.5
254926,2025,8,Louisiana Ragin' Cajuns,Southern Miss Golden Eagles,SUNBELT,SUNBELT,7,13,actionnetwork,2.5,27.5
254921,2025,8,Arkansas Razorbacks,Texas A&M Aggies,SEC,SEC,20,21,actionnetwork,4.5,28.5
254967,2025,8,Rutgers Scarlet Knights,Oregon Ducks,BIGTEN,BIGTEN,3,42,actionnetwork,10.5,31.5
254999,2025,8,Virginia Cavaliers,Washington State Cougars,ACC,PAC12,7,17,actionnetwork,-9.5,28.5
254948,2025,8,UCLA Bruins,Maryland Terrapins,BIGTEN,BIGTEN,7,3,actionnetwork,-2.5,26.5
254963,2025,8,Georgia Southern Eagles,Georgia State Panthers,SUNBELT,SUNBELT,13,17,actionnetwork,-3.5,29.5
254969,2025,8,Kentucky Wildcats,Texas Longhorns,SEC,SEC,0,7,actionnetwork,6.5,22.5
254973,2025,8,Iowa Hawkeyes,Penn State Nittany Lions,BIGTEN,BIGTEN,10,14,actionnetwork,-2.5,20.5
254994,2025,8,Colorado State Rams,Hawai'i Warriors,PAC12,MOUNTAINWEST,7,14,actionnetwork,-0.5,26.5
254924,2025,8,South Florida Bulls,Florida Atlantic Owls,AMERICAN,AMERICAN,21,6,actionnetwork,-11.5,37.5
254935,2025,8,Notre Dame Fighting Irish,USC Trojans,IAINDEPENDENTS,BIGTEN,14,13,actionnetwork,-6.5,30.5
255001,2025,8,Alabama Crimson Tide,Tennessee Volunteers,SEC,SEC,23,7,actionnetwork,-5.5,30.5
255006,2025,8,Syracuse Orange,Pittsburgh Panthers,ACC,ACC,7,17,actionnetwork,5.5,27.5
254931,2025,8,BYU Cougars,Utah Utes,BIG12,BIG12,10,7,actionnetwork,2.5,24.5
254978,2025,8,Oklahoma State Cowboys,Cincinnati Bearcats,BIG12,BIG12,10,28,actionnetwork,13.5,30.5
254985,2025,8,New Mexico Lobos,Nevada Wolf Pack,MOUNTAINWEST,MOUNTAINWEST,14,12,actionnetwork,-7.5,24.5
254923,2025,8,Oregon State Beavers,Lafayette Leopards,PAC12,PATRIOTLEAGUE,10,13,actionnetwork,-11.5,28.5
254940,2025,8,Stanford Cardinal,Florida State Seminoles,ACC,ACC,13,10,actionnetwork,9.5,27.5
255024,2025,9,Florida International Panthers,Kennesaw State Owls,CONFERENCEUSA,CONFERENCEUSA,14,24,actionnetwork,2.5,24.5
255023,2025,9,Louisiana Tech Bulldogs,Western Kentucky Hilltoppers,SUNBELT,CONFERENCEUSA,7,20,actionnetwork,-3.5,24.5
255025,2025,9,Delaware Fightin Blue Hens,Middle Tennessee Blue Raiders,CONFERENCEUSA,CONFERENCEUSA,24,14,actionnetwork,-5.5,27.5
255026,2025,9,New Mexico State Aggies,Missouri State Bears,CONFERENCEUSA,CONFERENCEUSA,7,7,actionnetwork,1.5,24.5
255027,2025,9,Georgia State Panthers,South Alabama Jaguars,SUNBELT,SUNBELT,14,28,actionnetwork,3.5,26.5
255029,2025,9,Charlotte 49ers,North Texas Mean Green,AMERICAN,AMERICAN,17,17,actionnetwork,14.5,32.5
255028,2025,9,Virginia Tech Hokies,California Golden Bears,ACC,ACC,10,20,actionnetwork,-3.5,25.5
255053,2025,9,Nevada Wolf Pack,Boise State Broncos,MOUNTAINWEST,PAC12,3,10,actionnetwork,11.5,27.5
255032,2025,9,Sacramento State Hornets,Montana Grizzlies,MIDAMERICAN,BIGSKY,21,28,actionnetwork,3.5,31.5
255039,2025,9,Oklahoma Sooners,Ole Miss Rebels,SEC,SEC,10,22,actionnetwork,-2.5,26.5
255042,2025,9,Georgia Tech Yellow Jackets,Syracuse Orange,ACC,ACC,20,3,actionnetwork,-10.5,26.5
255047,2025,9,North Carolina Tar Heels,Virginia Cavaliers,ACC,ACC,10,10,actionnetwork,6.5,24.5
255065,2025,9,Nebraska Cornhuskers,Northwestern Wildcats,BIGTEN,BIGTEN,7,6,actionnetwork,-4.5,22.5
255076,2025,9,Indiana Hoosiers,UCLA Bruins,BIGTEN,BIGTEN,35,3,actionnetwork,-15.5,28.5
255083,2025,9,Old Dominion Monarchs,Appalachian State Mountaineers,SUNBELT,SUNBELT,10,7,actionnetwork,-7.5,31.5
255088,2025,9,Eastern Michigan Eagles,Ohio Bobcats,MIDAMERICAN,MIDAMERICAN,14,7,actionnetwork,6.5,30.5
255089,2025,9,Wake Forest Demon Deacons,SMU Mustangs,ACC,ACC,10,6,actionnetwork,2.5,26.5
255090,2025,9,Purdue Boilermakers,Rutgers Scarlet Knights,BIGTEN,BIGTEN,10,7,actionnetwork,-1.5,30.5
255093,2025,9,Kansas Jayhawks,Kansas State Wildcats,BIG12,BIG12,14,21,actionnetwork,-2.5,27.5
255097,2025,9,Memphis Tigers,South Florida Bulls,AMERICAN,AMERICAN,14,24,actionnetwork,1.5,30.5
255099,2025,9,Kent State Golden Flashes,Bowling Green Falcons,MIDAMERICAN,MIDAMERICAN,3,14,actionnetwork,3.5,23.5
255064,2025,9,Arkansas Razorbacks,Auburn Tigers,SEC,SEC,21,10,actionnetwork,-0.5,27.5
255077,2025,9,Buffalo Bulls,Akron Zips,MIDAMERICAN,MIDAMERICAN,10,3,actionnetwork,-6.5,24.5
255075,2025,9,Rice Owls,UConn Huskies,AMERICAN,IAINDEPENDENTS,17,21,actionnetwork,5.5,23.5
255080,2025,9,New Mexico Lobos,Utah State Aggies,MOUNTAINWEST,PAC12,26,7,actionnetwork,-1.5,30.5
255030,2025,9,Washington Huskies,Illinois Fighting Illini,BIGTEN,BIGTEN,21,17,actionnetwork,-2.5,26.5
255033,2025,9,Southern Miss Golden Eagles,UL-Monroe Warhawks,SUNBELT,SUNBELT,21,14,actionnetwork,-7.5,24.5
255035,2025,9,Iowa State Cyclones,BYU Cougars,BIG12,BIG12,24,17,actionnetwork,-1.5,23.5
255040,2025,9,Vanderbilt Commodores,Missouri Tigers,SEC,SEC,3,3,actionnetwork,-2.5,24.5
255045,2025,9,Navy Midshipmen,Florida Atlantic Owls,AMERICAN,AMERICAN,21,13,actionnetwork,-7.5,31.5
255049,2025,9,South Carolina Gamecocks,Alabama Crimson Tide,SEC,SEC,6,14,actionnetwork,6.5,23.5
255069,2025,9,Northern Illinois Huskies,Ball State Cardinals,MOUNTAINWEST,MIDAMERICAN,7,7,actionnetwork,-3.5,20.5
255071,2025,9,Miami (OH) RedHawks,Western Michigan Broncos,MIDAMERICAN,MIDAMERICAN,9,14,actionnetwork,-1.5,19.5
255073,2025,9,Fresno State Bulldogs,San Diego State Aztecs,PAC12,PAC12,0,13,actionnetwork,1.5,23.5
255078,2025,9,Central Michigan Chippewas,UMass Minutemen,MIDAMERICAN,MIDAMERICAN,24,10,actionnetwork,-9.5,23.5
255081,2025,9,Washington State Cougars,Toledo Rockets,PAC12,MIDAMERICAN,21,7,actionnetwork,0.5,22.5
255084,2025,9,Pittsburgh Panthers,North Carolina State Wolfpack,ACC,ACC,31,21,actionnetwork,-3.5,27.5
255100,2025,9,Tulsa Golden Hurricane,Temple Owls,AMERICAN,AMERICAN,17,14,actionnetwork,2.5,26.5
255107,2025,9,Iowa Hawkeyes,Minnesota Golden Gophers,BIGTEN,BIGTEN,31,0,actionnetwork,-3.5,19.5
255043,2025,9,Texas Tech Red Raiders,Oklahoma State Cowboys,BIG12,BIG12,28,0,actionnetwork,-23.5,31.5
255109,2025,9,Cincinnati Bearcats,Baylor Bears,BIG12,BIG12,24,6,actionnetwork,-2.5,34.5
255096,2025,9,Mississippi State Bulldogs,Texas Longhorns,SEC,SEC,24,14,actionnetwork,4.5,23.5
255034,2025,9,West Virginia Mountaineers,TCU Horned Frogs,BIG12,BIG12,7,20,actionnetwork,9.5,28.5
255046,2025,9,Oregon Ducks,Wisconsin Badgers,BIGTEN,BIGTEN,7,0,actionnetwork,-19.5,24.5
255052,2025,9,Arkansas State Red Wolves,Georgia Southern Eagles,SUNBELT,SUNBELT,17,21,actionnetwork,0.5,29.5
255060,2025,9,Troy Trojans,Louisiana Ragin' Cajuns,SUNBELT,SUNBELT,21,17,actionnetwork,-4.5,23.5
255082,2025,9,Miami (FL) Hurricanes,Stanford Cardinal,ACC,ACC,7,7,actionnetwork,-16.5,24.5
255074,2025,9,Michigan State Spartans,Michigan Wolverines,BIGTEN,BIGTEN,7,10,actionnetwork,7.5,24.5
255091,2025,9,LSU Tigers,Texas A&M Aggies,SEC,SEC,18,14,actionnetwork,0.5,23.5
255110,2025,9,Louisville Cardinals,Boston College Eagles,ACC,ACC,21,10,actionnetwork,-14.5,28.5
255112,2025,9,Wyoming Cowboys,Colorado State Rams,MOUNTAINWEST,PAC12,21,0,actionnetwork,-3.5,22.5
255068,2025,9,Kentucky Wildcats,Tennessee Volunteers,SEC,SEC,21,35,actionnetwork,4.5,27.5
255050,2025,9,Arizona State Sun Devils,Houston Cougars,BIG12,BIG12,0,10,actionnetwork,-3.5,23.5
255108,2025,9,Utah Utes,Colorado Buffaloes,BIG12,BIG12,43,0,actionnetwork,-7.5,24.5
