game_id,season,week,home_team,away_team,full_spread,full_total,full_home_points,full_away_points,1h_spread,1h_total,1h_home_points,1h_away_points,spread_half_naive,total_half_naive,spread_dev,total_dev
401756846,2025,1,Kansas State,Iowa State,-2.5,51.5,21,24,-1.5,24.5,7,7,-1.25,25.75,-0.25,-1.25
401760371,2025,1,UNLV,Idaho State,-30.5,67.0,38,31,-17.5,37.5,14,17,-15.25,33.5,-2.25,4.0
401756847,2025,1,Kansas,Fresno State,-14.0,51.5,31,7,-7.5,25.5,24,7,-7.0,25.75,-0.5,-0.25
401757218,2025,1,Western Kentucky,Sam Houston,-9.5,60.5,41,24,-6.5,30.5,20,10,-4.75,30.25,-1.75,0.25
401754516,2025,1,Hawai'i,Stanford,-1.5,53.5,23,20,-0.5,24.5,14,13,-0.75,26.75,0.25,-2.25
401762522,2025,1,South Florida,Boise State,8.5,63.5,34,7,2.5,30.5,10,7,4.25,31.75,-1.75,-1.25
401752794,2025,1,Rutgers,Ohio,-11.5,46.5,34,31,-8.5,26.5,31,17,-5.75,23.25,-2.75,3.25
401762790,2025,1,Bowling Green,Lafayette,-21.0,53.0,26,7,-10.5,27.5,17,0,-10.5,26.5,0.0,1.0
401762789,2025,1,Akron,Wyoming,8.5,49.5,0,10,3.5,24.5,0,3,4.25,24.75,-0.75,-0.25
401757219,2025,1,Delaware,Delaware State,-30.5,55.5,35,17,-17.5,29.5,14,3,-15.25,27.75,-2.25,1.75
401756848,2025,1,UCF,Jacksonville State,-16.5,53.5,17,10,-11.5,27.5,0,0,-8.25,26.75,-3.25,0.75
401761588,2025,1,UL Monroe,St. Francis (PA),-31.0,47.0,29,0,-18.5,26.5,10,0,-15.5,23.5,-3.0,3.0
401754517,2025,1,Duke,Elon,-36.5,51.5,45,17,-20.5,28.5,10,10,-18.25,25.75,-2.25,2.75
401752674,2025,1,Missouri,Central Arkansas,-38.5,52.5,61,6,-20.5,29.5,26,0,-19.25,26.25,-1.25,3.25
401756852,2025,1,Houston,Stephen F. Austin,-24.5,54.5,27,0,-14.5,30.5,17,0,-12.25,27.25,-2.25,3.25
401752793,2025,1,Minnesota,Buffalo,-16.5,45.5,23,10,-9.5,22.5,10,3,-8.25,22.75,-1.25,-0.25
401752796,2025,1,Cincinnati,Nebraska,6.5,52.5,17,20,3.5,24.5,3,13,3.25,26.25,0.25,-1.75
401762791,2025,1,Wisconsin,Miami (OH),-17.5,40.5,17,0,-10.5,20.5,3,0,-8.75,20.25,-1.75,0.25
401760357,2025,1,San Diego State,Stony Brook,-19.5,53.5,42,0,-12.5,29.5,20,0,-9.75,26.75,-2.75,2.75
401754374,2025,1,Wake Forest,Kennesaw State,-17.5,51.5,10,9,-10.5,26.5,7,6,-8.75,25.75,-1.75,0.75
401766898,2025,1,Florida International,Bethune-Cookman,-26.5,54.5,42,9,-16.5,30.5,28,6,-13.25,27.25,-3.25,3.25
401752802,2025,1,Michigan State,Western Michigan,-18.5,49.5,23,6,-12.5,26.5,21,0,-9.25,24.75,-3.25,1.75
401756854,2025,1,Kansas,Wagner,-45.5,57.5,46,7,-26.5,32.5,29,7,-22.75,28.75,-3.75,3.75
401752795,2025,1,Illinois,Western Illinois,-48.5,62.5,52,3,-27.5,36.5,31,0,-24.25,31.25,-3.25,5.25
401754375,2025,1,Colorado,Georgia Tech,4.0,55.5,20,27,2.5,23.5,10,13,2.0,27.75,0.5,-4.25
401752667,2025,1,Baylor,Auburn,1.5,57.5,24,38,0.5,28.5,10,17,0.75,28.75,-0.25,-0.25
401757224,2025,1,Sam Houston,UNLV,13.5,58.5,21,38,5.5,30.5,7,24,6.75,29.25,-1.25,1.25
401752797,2025,1,Maryland,Florida Atlantic,-16.5,57.5,39,7,-7.5,30.5,33,7,-8.25,28.75,0.75,1.75
401762792,2025,1,Kent State,Merrimack,-5.5,50.5,21,17,-3.5,27.5,7,3,-2.75,25.25,-0.75,2.25
401752677,2025,1,Ohio State,Texas,-1.5,46.5,14,7,-0.5,22.5,7,0,-0.75,23.25,0.25,-0.75
401752801,2025,1,Purdue,Ball State,-16.5,50.5,31,0,-9.5,24.5,21,0,-8.25,25.25,-1.25,-0.75
401754520,2025,1,Pittsburgh,Duquesne,-39.5,58.5,61,9,-21.5,32.5,34,6,-19.75,29.25,-1.75,3.25
401752676,2025,1,Tennessee,Syracuse,-13.5,53.5,45,26,-7.5,26.5,31,14,-6.75,26.75,-0.75,-0.25
401752803,2025,1,Tulane,Northwestern,-6.5,47.5,23,3,-3.5,22.5,20,3,-3.25,23.75,-0.25,-1.25
401762434,2025,1,Navy,VMI,-42.5,54.5,52,7,-24.5,30.5,28,0,-21.25,27.25,-3.25,3.25
401752673,2025,1,Southern Miss,Mississippi State,11.5,59.5,17,34,7.5,30.5,10,13,5.75,29.75,1.75,0.75
401752670,2025,1,Kentucky,Toledo,-10.0,48.5,24,16,-5.5,24.5,10,2,-5.0,24.25,-0.5,0.25
401754518,2025,1,Boston College,Fordham,-35.0,53.5,66,10,-20.5,30.5,21,3,-17.5,26.75,-3.0,3.75
401756878,2025,1,West Virginia,Robert Morris,-40.0,56.5,45,3,-23.5,30.5,10,3,-20.0,28.25,-3.5,2.25
401757167,2025,1,UConn,Central Connecticut,-29.5,51.5,59,13,-16.5,28.5,35,10,-14.75,25.75,-1.75,2.75
401752806,2025,1,Indiana,Old Dominion,-23.5,54.5,27,14,-13.5,27.5,17,7,-11.75,27.25,-1.75,0.25
401754519,2025,1,Louisville,Eastern Kentucky,-37.5,57.5,51,17,-23.5,33.5,41,7,-18.75,28.75,-4.75,4.75
401762793,2025,1,Northern Illinois,Holy Cross,-13.5,48.5,19,17,-7.5,26.5,6,3,-6.75,24.25,-0.75,2.25
401752807,2025,1,Penn State,Nevada,-45.5,58.5,46,11,-26.5,31.5,27,3,-22.75,29.25,-3.75,2.25
401756853,2025,1,Iowa State,South Dakota,-16.5,47.5,55,7,-10.5,26.5,27,7,-8.25,23.75,-2.25,2.75
401760359,2025,1,Air Force,Bucknell,-31.0,54.5,49,13,-17.5,30.5,28,7,-15.5,27.25,-2.0,3.25
401752669,2025,1,Georgia,Marshall,-39.5,55.5,45,7,-23.5,29.5,24,0,-19.75,27.75,-3.75,1.75
401752665,2025,1,Florida State,Alabama,13.5,50.5,31,17,7.5,23.5,17,7,6.75,25.25,0.75,-1.75
401757220,2025,1,Liberty,Maine,-25.5,51.0,28,7,-16.5,28.5,7,7,-12.75,25.5,-3.75,3.0
401752804,2025,1,Oregon,Montana State,-28.0,56.5,59,13,-17.5,30.5,38,3,-14.0,28.25,-3.5,2.25
401752666,2025,1,Arkansas,Alabama A&M,-45.5,62.5,52,7,-26.5,35.5,31,7,-22.75,31.25,-3.75,4.25
401762433,2025,1,Memphis,Chattanooga,-30.5,55.5,45,10,-16.5,30.5,28,3,-15.25,27.75,-1.25,2.75
401752675,2025,1,Oklahoma,Illinois State,-39.5,61.0,35,3,-22.5,34.5,21,0,-19.75,30.5,-2.75,4.0
401754616,2025,1,Virginia,Coastal Carolina,-12.5,57.5,48,7,-7.5,27.5,28,0,-6.25,28.75,-1.25,-1.25
401761590,2025,1,James Madison,Weber State,-26.5,54.5,45,10,-16.5,30.5,28,7,-13.25,27.25,-3.25,3.25
401752679,2025,1,Vanderbilt,Charleston Southern,-37.5,49.5,45,3,-21.5,27.5,28,0,-18.75,24.75,-2.75,2.75
401761591,2025,1,Arkansas State,Southeast Missouri State,-15.5,59.5,42,24,-9.5,33.5,28,10,-7.75,29.75,-1.75,3.75
401757226,2025,1,Western Kentucky,North Alabama,-27.5,60.5,55,6,-16.5,33.5,42,6,-13.75,30.25,-2.75,3.25
401752678,2025,1,Texas A&M,UTSA,-21.5,56.5,42,24,-13.5,30.5,21,10,-10.75,28.25,-2.75,2.25
401761593,2025,1,South Alabama,Morgan State,-28.5,51.5,38,21,-17.5,29.5,17,7,-14.25,25.75,-3.25,3.75
401756855,2025,1,Kansas State,North Dakota,-27.5,55.5,38,35,-16.5,30.5,17,21,-13.75,27.75,-2.75,2.75
401757222,2025,1,Middle Tennessee,Austin Peay,-14.5,53.5,14,34,-9.5,29.5,7,21,-7.25,26.75,-2.25,2.75
401761595,2025,1,Troy,Nicholls,-16.5,46.5,38,20,-13.5,27.5,7,10,-8.25,23.25,-5.25,4.25
401752671,2025,1,Clemson,LSU,-3.5,57.5,10,17,-2.5,27.5,10,3,-1.75,28.75,-0.75,-1.25
401752798,2025,1,USC,Missouri State,-34.5,59.5,73,13,-22.5,33.5,42,10,-17.25,29.75,-5.25,3.75
401752808,2025,1,Michigan,New Mexico,-36.5,52.5,34,17,-20.5,27.5,24,10,-18.25,26.25,-2.25,1.25
401756877,2025,1,Texas Tech,Arkansas-Pine Bluff,,62.5,67,7,-36.5,40.5,47,0,,31.25,,9.25
401757225,2025,1,Utah State,UTEP,-3.5,59.5,28,16,-3.5,29.5,20,10,-1.75,29.75,-1.75,-0.25
401752672,2025,1,Ole Miss,Georgia State,-38.5,62.5,63,7,-21.5,34.5,25,7,-19.25,31.25,-2.25,3.25
401761592,2025,1,Louisiana,Rice,-14.5,49.5,12,14,-5.5,23.5,6,14,-7.25,24.75,1.75,-1.25
401761594,2025,1,Texas State,Eastern Michigan,-14.0,58.5,52,27,-7.5,28.5,24,17,-7.0,29.25,-0.5,-0.75
401762457,2025,1,Tulsa,Abilene Christian,-5.0,59.5,35,7,-3.5,32.5,10,0,-2.5,29.75,-1.0,2.75
401756851,2025,1,BYU,Portland State,-43.5,61.5,69,0,-24.5,33.5,49,0,-21.75,30.75,-2.75,2.75
401762435,2025,1,North Texas,Lamar,-27.5,63.5,51,0,-16.5,34.5,37,0,-13.75,31.75,-2.75,2.75
401754521,2025,1,SMU,East Texas A&M,-51.0,65.0,42,13,-27.5,35.5,21,3,-25.5,32.5,-2.0,3.0
401757223,2025,1,New Mexico State,Bryant,-19.5,52.5,19,3,-11.5,29.5,9,3,-9.75,26.25,-1.75,3.25
401760361,2025,1,Fresno State,Georgia Southern,-2.5,54.5,42,14,-0.5,24.5,13,14,-1.25,27.25,0.75,-2.75
401756850,2025,1,Arizona State,Northern Arizona,-29.5,52.5,38,19,-17.5,29.5,17,6,-14.75,26.25,-2.75,3.25
401752947,2025,1,Washington State,Idaho,-16.5,50.5,13,10,-10.5,27.5,7,0,-8.25,25.25,-2.25,2.25
401756849,2025,1,Arizona,Hawai'i,-13.5,55.5,40,6,-8.5,27.5,17,6,-6.75,27.75,-1.75,-0.25
401752936,2025,1,Oregon State,California,-3.0,51.5,15,34,0.5,23.5,3,17,-1.5,25.75,2.0,-2.25
401752800,2025,1,UCLA,Utah,6.5,50.5,10,43,3.5,24.5,7,23,3.25,25.25,0.25,-0.75
401752805,2025,1,Washington,Colorado State,-20.5,52.5,38,21,-13.5,27.5,14,14,-10.25,26.25,-3.25,1.25
401752680,2025,1,South Carolina,Virginia Tech,-8.5,48.5,24,11,-3.5,24.5,10,8,-4.25,24.25,0.75,0.25
401754522,2025,1,Miami,Notre Dame,2.5,53.5,27,24,1.5,23.5,14,7,1.25,26.75,0.25,-3.25
401754523,2025,1,North Carolina,TCU,3.0,59.5,14,48,2.5,26.5,7,20,1.5,29.75,1.0,-3.25
401757289,2025,10,Kennesaw State,UTEP,-12.5,53.5,33,20,-7.5,27.5,16,10,-6.25,26.75,-1.25,0.75
401761639,2025,10,Texas State,James Madison,7.5,55.5,20,52,3.5,27.5,20,28,3.75,27.75,-0.25,-0.25
401757292,2025,10,Middle Tennessee,Jacksonville State,4.5,54.0,21,24,2.5,27.5,6,7,2.25,27.0,0.25,0.5
401757291,2025,10,Missouri State,Florida International,-3.0,50.0,28,21,-1.5,24.5,14,14,-1.5,25.0,0.0,-0.5
401762443,2025,10,UTSA,Tulane,5.5,54.5,48,26,3.5,27.5,31,12,2.75,27.25,0.75,0.25
401761640,2025,10,Coastal Carolina,Marshall,7.5,55.5,44,27,3.5,27.5,17,20,3.75,27.75,-0.25,-0.25
401762497,2025,10,Rice,Memphis,13.5,48.5,14,38,7.5,24.5,7,31,6.75,24.25,0.75,0.25
401754575,2025,10,Syracuse,North Carolina,-1.5,45.5,10,27,-0.5,21.5,10,6,-0.75,22.75,0.25,-1.25
401757290,2025,10,Louisiana Tech,Sam Houston,-16.5,48.0,55,14,-9.5,24.5,27,0,-8.25,24.0,-1.25,0.5
401752889,2025,10,Ohio State,Penn State,-17.5,45.5,38,14,-10.5,23.5,17,14,-8.75,22.75,-1.75,0.75
401762849,2025,10,Bowling Green,Buffalo,-2.5,44.5,3,28,-0.5,21.5,0,21,-1.25,22.25,0.75,-0.75
401760401,2025,10,Air Force,Army,1.5,48.5,17,20,-0.5,23.5,3,10,0.75,24.25,-1.25,-0.75
401754577,2025,10,Clemson,Duke,-4.5,55.5,45,46,-2.5,27.5,28,28,-2.25,27.75,-0.25,-0.25
401752758,2025,10,Texas,Vanderbilt,-3.5,48.5,34,31,-2.5,23.5,24,10,-1.75,24.25,-0.75,-0.75
401754581,2025,10,SMU,Miami,8.5,50.5,26,20,4.5,24.5,7,10,4.25,25.25,0.25,-0.75
401757173,2025,10,UConn,UAB,-10.0,61.5,38,19,-6.5,31.5,24,0,-5.0,30.75,-1.5,0.75
401762499,2025,10,North Texas,Navy,-6.5,68.5,31,17,-3.5,34.5,24,10,-3.25,34.25,-0.25,0.25
401752891,2025,10,Illinois,Rutgers,-13.5,63.5,35,13,-7.5,32.5,21,6,-6.75,31.75,-0.75,0.75
401756938,2025,10,Houston,West Virginia,-13.5,48.5,35,45,-7.5,24.5,21,21,-6.75,24.25,-0.75,0.25
401756936,2025,10,Baylor,UCF,-3.0,58.5,30,3,-2.5,28.5,20,3,-1.5,29.25,-1.0,-0.75
401756939,2025,10,Iowa State,Arizona State,-7.5,48.5,19,24,-5.5,23.5,16,17,-3.75,24.25,-1.75,-0.75
401762498,2025,10,Temple,East Carolina,5.5,58.5,14,45,2.5,28.5,14,28,2.75,29.25,-0.25,-0.75
401754580,2025,10,Virginia Tech,Louisville,10.5,52.5,16,28,5.5,26.5,16,7,5.25,26.25,0.25,0.25
401760404,2025,10,UNLV,New Mexico,-3.5,61.5,35,40,-2.5,30.5,21,31,-1.75,30.75,-0.75,-0.25
401752755,2025,10,Florida,Georgia,7.0,50.5,20,24,3.5,24.5,10,10,3.5,25.25,0.0,-0.75
401761641,2025,10,UL Monroe,Old Dominion,16.5,55.5,6,31,9.5,27.5,0,24,8.25,27.75,1.25,-0.25
401752887,2025,10,Maryland,Indiana,21.0,50.5,10,55,11.5,27.5,3,20,10.5,25.25,1.0,2.25
401754582,2025,10,Stanford,Pittsburgh,13.5,51.5,20,35,7.5,26.5,13,21,6.75,25.75,0.75,0.75
401754583,2025,10,Boston College,Notre Dame,31.5,55.5,10,25,17.5,30.5,7,12,15.75,27.75,1.75,2.75
401760402,2025,10,Boise State,Fresno State,-17.5,47.5,7,30,-9.5,24.5,7,10,-8.75,23.75,-0.75,0.75
401756941,2025,10,Kansas State,Texas Tech,7.5,51.5,20,43,3.5,26.5,7,12,3.75,25.75,-0.25,0.75
401757293,2025,10,Liberty,Delaware,-3.5,52.5,59,30,-2.5,26.5,28,9,-1.75,26.25,-0.75,0.25
401761642,2025,10,South Alabama,Louisiana,-3.5,52.5,22,31,-2.5,26.5,7,24,-1.75,26.25,-0.75,0.25
401752888,2025,10,Minnesota,Michigan State,-4.5,44.5,23,20,-2.5,22.5,10,0,-2.25,22.25,-0.25,0.25
401757294,2025,10,Western Kentucky,New Mexico State,-7.5,53.5,35,16,-4.5,26.5,14,6,-3.75,26.75,-0.75,-0.25
401754576,2025,10,California,Virginia,6.5,52.5,21,31,3.5,25.5,7,17,3.25,26.25,0.25,-0.75
401762850,2025,10,Western Michigan,Central Michigan,-6.0,43.5,24,21,-3.5,20.5,7,14,-3.0,21.75,-0.5,-1.25
401752753,2025,10,Arkansas,Mississippi State,-5.5,66.5,35,38,-3.5,33.5,13,7,-2.75,33.25,-0.75,0.25
401756940,2025,10,Kansas,Oklahoma State,-24.5,54.5,38,21,-14.5,28.5,10,7,-12.25,27.25,-2.25,1.25
401752756,2025,10,Ole Miss,South Carolina,-12.5,55.5,30,14,-7.5,27.5,17,7,-6.25,27.75,-1.25,-0.25
401752890,2025,10,Michigan,Purdue,-21.0,48.5,21,16,-11.5,26.5,14,7,-10.5,24.25,-1.0,2.25
401756937,2025,10,Colorado,Arizona,4.0,52.5,17,52,2.5,25.5,7,38,2.0,26.25,0.5,-0.75
401760405,2025,10,San Diego State,Wyoming,-10.0,42.5,24,7,-5.5,21.5,17,7,-5.0,21.25,-0.5,0.25
401752892,2025,10,Nebraska,USC,4.5,59.5,17,21,2.5,29.5,14,6,2.25,29.75,0.25,-0.25
401752943,2025,10,Oregon State,Washington State,3.5,47.5,10,7,1.5,23.5,3,7,1.75,23.75,-0.25,-0.25
401752757,2025,10,Tennessee,Oklahoma,-3.0,55.5,27,33,-1.5,27.5,10,16,-1.5,27.75,0.0,-0.25
401754578,2025,10,Florida State,Wake Forest,-12.5,50.5,42,7,-6.5,24.5,14,0,-6.25,25.25,-0.25,-0.75
401752754,2025,10,Auburn,Kentucky,-11.5,44.5,3,10,-6.5,22.5,3,3,-5.75,22.25,-0.75,0.25
401761643,2025,10,Troy,Arkansas State,-7.5,52.5,10,23,-5.5,26.5,3,17,-3.75,26.25,-1.75,0.25
401756942,2025,10,Utah,Cincinnati,-11.5,57.5,45,14,-6.5,28.5,24,7,-5.75,28.75,-0.75,-0.25
401762852,2025,11,Ohio,Miami (OH),-2.5,50.5,24,20,-1.5,24.5,3,3,-1.25,25.25,-0.25,-0.75
401762853,2025,11,Ball State,Kent State,-3.0,48.5,17,13,-2.5,23.5,10,3,-1.5,24.25,-1.0,-0.75
401762854,2025,11,Toledo,Northern Illinois,-14.5,42.5,42,3,-7.5,21.5,28,3,-7.25,21.25,-0.25,0.25
401762500,2025,11,South Florida,UTSA,-14.0,66.5,55,23,-7.5,34.5,45,10,-7.0,33.25,-0.5,1.25
401756946,2025,11,UCF,Houston,-1.5,47.5,27,30,-1.5,23.5,24,17,-0.75,23.75,-0.75,-0.25
401762501,2025,11,Memphis,Tulane,-3.0,53.5,32,38,-2.5,26.5,17,35,-1.5,26.75,-1.0,-0.25
401752896,2025,11,USC,Northwestern,-14.5,54.5,38,17,-7.5,27.5,21,14,-7.25,27.25,-0.25,0.25
401752893,2025,11,Penn State,Indiana,13.5,50.5,24,27,7.5,26.5,7,17,6.75,25.25,0.75,1.25
401756947,2025,11,West Virginia,Colorado,-6.5,51.5,29,22,-3.5,26.5,19,9,-3.25,25.75,-0.25,0.75
401761647,2025,11,Arkansas State,Southern Miss,6.5,54.5,21,27,3.5,27.5,7,17,3.25,27.25,0.25,0.25
401762503,2025,11,Army,Temple,-7.5,45.5,14,13,-3.5,21.5,7,10,-3.75,22.75,0.25,-1.25
401756945,2025,11,Texas Tech,BYU,-13.5,50.5,29,7,-7.5,24.5,13,0,-6.75,25.25,-0.75,-0.75
401754584,2025,11,Boston College,SMU,10.5,54.5,13,45,6.5,27.5,6,17,5.25,27.25,1.25,0.25
401761646,2025,11,Marshall,James Madison,13.5,53.5,23,35,7.5,27.5,12,21,6.75,26.75,0.75,0.75
401752762,2025,11,Mississippi State,Georgia,9.5,56.5,21,41,5.5,28.5,7,24,4.75,28.25,0.75,0.25
401757299,2025,11,Liberty,Missouri State,-7.5,51.5,17,21,-4.5,26.5,10,0,-3.75,25.75,-0.75,0.75
401752761,2025,11,Ole Miss,The Citadel,-51.5,63.5,49,0,-28.5,35.5,35,0,-25.75,31.75,-2.75,3.75
401762855,2025,11,Eastern Michigan,Bowling Green,-3.0,49.5,27,21,-1.5,23.5,10,14,-1.5,24.75,0.0,-1.25
401752897,2025,11,Purdue,Ohio State,29.5,49.5,10,34,17.5,27.5,3,24,14.75,24.75,2.75,2.75
401762502,2025,11,Rice,UAB,1.5,51.5,24,17,0.5,24.5,14,17,0.75,25.75,-0.25,-1.25
401752894,2025,11,Rutgers,Maryland,-1.5,56.5,35,20,-0.5,28.5,21,17,-0.75,28.25,0.25,0.25
401757296,2025,11,Middle Tennessee,Florida International,-1.5,50.5,30,56,-0.5,24.5,17,21,-0.75,25.25,0.25,-0.75
401762504,2025,11,East Carolina,Charlotte,-29.5,56.5,48,22,-16.5,30.5,35,14,-14.75,28.25,-1.75,2.25
401762505,2025,11,Florida Atlantic,Tulsa,-4.5,60.5,40,21,-2.5,30.5,31,6,-2.25,30.25,-0.25,0.25
401757295,2025,11,Delaware,Louisiana Tech,5.5,57.5,25,24,3.5,27.5,9,7,2.75,28.75,0.75,-1.25
401757297,2025,11,UTEP,Jacksonville State,1.5,46.5,27,30,0.5,23.5,13,20,0.75,23.25,-0.25,0.25
401756943,2025,11,Arizona,Kansas,-5.5,56.5,24,20,-3.5,27.5,14,17,-2.75,28.25,-0.75,-0.75
401754590,2025,11,UConn,Duke,7.5,63.5,37,34,4.5,31.5,20,14,3.75,31.75,0.75,-0.25
401752898,2025,11,Iowa,Oregon,4.5,41.5,16,18,2.5,20.5,7,12,2.25,20.75,0.25,-0.25
401756944,2025,11,TCU,Iowa State,-7.5,58.5,17,20,-4.5,29.5,3,6,-3.75,29.25,-0.75,0.25
401754587,2025,11,Miami,Syracuse,-28.5,47.5,38,10,-17.5,26.5,14,0,-14.25,23.75,-3.25,2.75
401752763,2025,11,Missouri,Texas A&M,7.0,48.5,17,38,3.5,24.5,0,14,3.5,24.25,0.0,0.25
401757298,2025,11,New Mexico State,Kennesaw State,11.5,52.5,21,24,6.5,26.5,7,24,5.75,26.25,0.75,0.25
401752764,2025,11,Vanderbilt,Auburn,-6.0,46.5,45,38,-3.5,22.5,10,20,-3.0,23.25,-0.5,-0.75
401761645,2025,11,Coastal Carolina,Georgia State,-7.0,56.5,40,27,-4.5,28.5,23,14,-3.5,28.25,-1.0,0.25
401752899,2025,11,Wisconsin,Washington,10.5,44.5,13,10,6.5,22.5,3,10,5.25,22.25,1.25,0.25
401754588,2025,11,North Carolina,Stanford,-8.5,41.5,20,15,-4.5,20.5,3,3,-4.25,20.75,-0.25,-0.25
401761648,2025,11,Louisiana,Texas State,3.5,62.5,42,39,2.5,31.5,35,17,1.75,31.25,0.75,0.25
401754585,2025,11,Louisville,California,-18.5,48.5,26,29,-10.5,25.5,13,17,-9.25,24.25,-1.25,1.25
401754586,2025,11,Clemson,Florida State,-1.5,56.5,24,10,-0.5,27.5,18,7,-0.75,28.25,0.25,-0.75
401754589,2025,11,Virginia,Wake Forest,-7.0,48.5,9,16,-3.5,23.5,6,10,-3.5,24.25,0.0,-0.75
401752760,2025,11,Kentucky,Florida,4.5,44.5,38,7,3.5,21.5,24,7,2.25,22.25,1.25,-0.75
401760409,2025,11,Utah State,Nevada,-10.0,52.5,51,14,-6.5,26.5,41,0,-5.0,26.25,-1.5,0.25
401752759,2025,11,Alabama,LSU,-10.5,49.5,20,9,-6.5,24.5,17,3,-5.25,24.75,-1.25,-0.25
401757166,2025,11,Notre Dame,Navy,-30.5,54.5,49,10,-17.5,30.5,21,10,-15.25,27.25,-2.25,3.25
401752895,2025,11,UCLA,Nebraska,-1.5,45.5,21,28,-0.5,22.5,7,21,-0.75,22.75,0.25,-0.25
401760407,2025,11,Colorado State,UNLV,5.5,60.5,10,42,3.5,30.5,10,21,2.75,30.25,0.75,0.25
401752944,2025,11,Oregon State,Sam Houston,-21.0,52.5,17,21,-10.5,27.5,17,7,-10.5,26.25,0.0,1.25
401760408,2025,11,Hawai'i,San Diego State,6.5,48.5,38,6,3.5,23.5,24,6,3.25,24.25,0.25,-0.75
401762856,2025,12,Akron,Kent State,-7.5,49.5,35,42,-4.5,24.5,17,14,-3.75,24.75,-0.75,-0.25
401762857,2025,12,Western Michigan,Ohio,-1.5,46.5,17,13,-0.5,22.5,3,7,-0.75,23.25,0.25,-0.75
401762858,2025,12,Central Michigan,Buffalo,-2.5,44.5,38,19,-0.5,21.5,14,10,-1.25,22.25,0.75,-0.75
401762860,2025,12,Miami (OH),Toledo,6.5,44.5,3,24,3.5,21.5,0,14,3.25,22.25,0.25,-0.75
401761649,2025,12,Old Dominion,Troy,-9.5,53.5,33,0,-6.5,26.5,20,0,-4.75,26.75,-1.75,-0.25
401754591,2025,12,Louisville,Clemson,-1.5,50.5,19,20,-0.5,24.5,9,10,-0.75,25.25,0.25,-0.75
401752904,2025,12,Oregon,Minnesota,-26.5,45.5,42,13,-15.5,24.5,28,6,-13.25,22.75,-2.25,1.75
401757174,2025,12,UConn,Air Force,-7.5,64.5,26,16,-4.5,31.5,9,7,-3.75,32.25,-0.75,-0.75
401762507,2025,12,Charlotte,UTSA,16.5,57.5,7,28,10.5,30.5,0,7,8.25,28.75,2.25,1.75
401756952,2025,12,Oklahoma State,Kansas State,19.5,50.5,6,14,11.5,26.5,6,7,9.75,25.25,1.75,1.25
401752772,2025,12,Texas A&M,South Carolina,-16.5,49.5,31,30,-9.5,25.5,3,30,-8.25,24.75,-1.25,0.75
401762510,2025,12,Navy,South Florida,8.5,62.5,41,38,5.5,31.5,24,9,4.25,31.25,1.25,0.25
401752905,2025,12,Northwestern,Michigan,10.0,41.5,22,24,5.5,20.5,6,7,5.0,20.75,0.5,-0.25
401752901,2025,12,Indiana,Wisconsin,-28.5,43.5,31,7,-16.5,24.5,10,7,-14.25,21.75,-2.25,2.75
401754597,2025,12,Pittsburgh,Notre Dame,12.5,55.5,15,37,7.5,28.5,3,21,6.25,27.75,1.25,0.75
401762861,2025,12,Ball State,Eastern Michigan,2.5,48.5,9,24,0.5,23.5,3,17,1.25,24.25,-0.75,-0.75
401756951,2025,12,Cincinnati,Arizona,-6.5,56.5,24,30,-3.5,28.5,14,10,-3.25,28.25,-0.25,0.25
401752768,2025,12,LSU,Arkansas,-4.0,58.5,23,22,-2.5,28.5,16,14,-2.0,29.25,-0.5,-0.75
401752945,2025,12,Tulsa,Oregon State,-1.5,50.5,31,14,0.5,24.5,17,0,-0.75,25.25,1.25,-0.75
401756948,2025,12,Arizona State,West Virginia,-10.0,46.5,25,23,-6.5,23.5,22,10,-5.0,23.25,-1.5,0.25
401752767,2025,12,Kentucky,Tennessee Tech,-22.5,52.5,42,10,-13.5,27.5,28,7,-11.25,26.25,-2.25,1.25
401761651,2025,12,Georgia State,Marshall,9.5,59.5,18,30,5.5,29.5,10,21,4.75,29.75,0.75,-0.25
401762506,2025,12,UAB,North Texas,17.5,69.5,24,53,9.5,35.5,7,31,8.75,34.75,0.75,0.75
401760411,2025,12,New Mexico,Colorado State,-15.5,53.5,20,17,-8.5,27.5,10,0,-7.75,26.75,-0.75,0.75
401757304,2025,12,Missouri State,UTEP,-6.5,47.5,38,24,-3.5,23.5,24,7,-3.25,23.75,-0.25,-0.25
401752903,2025,12,Michigan State,Penn State,7.0,48.5,10,28,3.5,24.5,10,14,3.5,24.25,0.0,0.25
401754593,2025,12,Duke,Virginia,-5.5,59.5,17,34,-3.5,30.5,3,17,-2.75,29.75,-0.75,0.75
401761653,2025,12,UL Monroe,South Alabama,4.0,49.5,14,26,2.5,24.5,14,7,2.0,24.75,0.5,-0.25
401752907,2025,12,USC,Iowa,-6.5,48.5,26,21,-3.5,23.5,10,21,-3.25,24.25,-0.25,-0.75
401752765,2025,12,Alabama,Oklahoma,-6.5,45.5,21,23,-3.5,22.5,14,17,-3.25,22.75,-0.25,-0.25
401752906,2025,12,Illinois,Maryland,-15.5,51.5,24,6,-8.5,26.5,14,6,-7.75,25.75,-0.75,0.75
401756953,2025,12,Texas Tech,UCF,-24.5,48.5,48,9,-13.5,25.5,38,2,-12.25,24.25,-1.25,1.25
401757303,2025,12,Western Kentucky,Middle Tennessee,-13.5,51.5,42,26,-7.5,26.5,21,10,-6.75,25.75,-0.75,0.75
401754592,2025,12,Boston College,Georgia Tech,16.5,61.5,34,36,9.5,30.5,14,14,8.25,30.75,1.25,-0.25
401761654,2025,12,Southern Miss,Texas State,-3.0,65.5,14,41,-2.5,32.5,0,27,-1.5,32.75,-1.0,-0.25
401762509,2025,12,Tulane,Florida Atlantic,-16.5,60.5,35,24,-9.5,30.5,21,10,-8.25,30.25,-1.25,0.25
401762508,2025,12,East Carolina,Memphis,-3.0,56.5,31,27,-1.5,28.5,10,17,-1.5,28.25,0.0,0.25
401752771,2025,12,Tennessee,New Mexico State,-41.5,59.5,42,9,-26.5,34.5,21,3,-20.75,29.75,-5.75,4.75
401754596,2025,12,Wake Forest,North Carolina,-3.5,37.5,28,12,-2.5,17.5,14,6,-1.75,18.75,-0.75,-1.25
401757301,2025,12,Florida International,Liberty,2.5,51.5,34,27,0.5,24.5,17,21,1.25,25.75,-0.75,-1.25
401761650,2025,12,Georgia Southern,Coastal Carolina,-3.0,59.5,45,40,-2.5,30.5,35,27,-1.5,29.75,-1.0,0.75
401760414,2025,12,UNLV,Utah State,-4.5,68.5,29,26,-3.5,34.5,10,13,-2.25,34.25,-1.25,0.25
401752902,2025,12,Washington,Purdue,-14.5,51.5,49,13,-8.5,25.5,28,0,-7.25,25.75,-1.25,-0.25
401752769,2025,12,Ole Miss,Florida,-10.5,53.5,34,24,-6.5,27.5,20,24,-5.25,26.75,-1.25,0.75
401756949,2025,12,Baylor,Utah,9.5,60.5,28,55,5.5,30.5,17,28,4.75,30.25,0.75,0.25
401757300,2025,12,Sam Houston,Delaware,11.5,56.5,26,23,6.5,28.5,10,10,5.75,28.25,0.75,0.25
401752766,2025,12,Georgia,Texas,-3.5,50.5,35,10,-1.5,24.5,14,3,-1.75,25.25,0.25,-0.75
401752900,2025,12,Ohio State,UCLA,-33.5,46.5,48,10,-20.5,26.5,27,0,-16.75,23.25,-3.75,3.25
401754594,2025,12,Florida State,Virginia Tech,-13.5,53.5,34,14,-7.5,27.5,10,7,-6.75,26.75,-0.75,0.75
401752770,2025,12,Missouri,Mississippi State,-7.5,50.5,49,27,-3.5,24.5,21,10,-3.75,25.25,0.25,-0.75
401757302,2025,12,Jacksonville State,Kennesaw State,3.5,56.5,35,26,2.5,27.5,22,10,1.75,28.25,0.75,-0.75
401752953,2025,12,Washington State,Louisiana Tech,-10.0,43.5,28,3,-6.5,21.5,14,3,-5.0,21.75,-1.5,-0.25
401756950,2025,12,BYU,TCU,-3.0,51.5,44,13,-1.5,26.5,27,10,-1.5,25.75,0.0,0.75
401760412,2025,12,Fresno State,Wyoming,-3.0,40.5,24,3,-1.5,19.5,10,3,-1.5,20.25,0.0,-0.75
401760410,2025,12,San Diego State,Boise State,-1.5,41.5,17,7,-0.5,20.5,14,7,-0.75,20.75,0.25,-0.25
401762864,2025,13,Northern Illinois,Western Michigan,7.0,39.5,19,35,3.5,19.5,13,14,3.5,19.75,0.0,-0.25
401762862,2025,13,Bowling Green,Akron,-2.5,47.5,16,19,-0.5,23.5,6,6,-1.25,23.75,0.75,-0.25
401762865,2025,13,Buffalo,Miami (OH),2.5,38.5,20,37,0.5,19.5,10,17,1.25,19.25,-0.75,0.25
401762866,2025,13,Kent State,Central Michigan,7.5,50.5,16,28,4.5,24.5,3,14,3.75,25.25,0.75,-0.75
401761655,2025,13,Arkansas State,Louisiana,-2.5,54.5,30,34,-1.5,26.5,27,24,-1.25,27.25,-0.25,-0.75
401760418,2025,13,UNLV,Hawai'i,-2.5,64.5,38,10,-1.5,31.5,24,10,-1.25,32.25,-0.25,-0.75
401752909,2025,13,Northwestern,Minnesota,-4.0,41.0,38,35,-2.5,19.5,13,21,-2.0,20.5,-0.5,-1.0
401756958,2025,13,Iowa State,Kansas,-3.0,55.5,38,14,-2.5,27.5,17,0,-1.5,27.75,-1.0,-0.25
401752778,2025,13,Oklahoma,Missouri,-4.5,42.5,17,6,-3.5,20.5,14,6,-2.25,21.25,-1.25,-0.75
401754606,2025,13,Wake Forest,Delaware,-17.5,49.5,52,14,-9.5,26.5,35,7,-8.75,24.75,-0.75,1.75
401752781,2025,13,Texas A&M,Samford,-54.5,59.5,48,0,-28.5,33.5,31,0,-27.25,29.75,-1.25,3.75
401752912,2025,13,Ohio State,Rutgers,-29.0,54.0,42,9,-17.5,29.5,14,3,-14.5,27.0,-3.0,2.5
401754602,2025,13,SMU,Louisville,-4.0,49.5,38,6,-2.5,23.5,21,6,-2.0,24.75,-0.5,-1.25
401754603,2025,13,Virginia Tech,Miami,18.5,49.0,17,34,9.5,25.5,3,20,9.25,24.5,0.25,1.0
401762512,2025,13,Army,Tulsa,-10.0,43.5,25,26,-5.5,21.5,22,14,-5.0,21.75,-0.5,-0.25
401752776,2025,13,Georgia,Charlotte,-42.5,53.5,35,3,-26.5,31.5,28,3,-21.25,26.75,-5.25,4.75
401752954,2025,13,James Madison,Washington State,-15.0,44.5,24,20,-8.5,22.5,10,17,-7.5,22.25,-1.0,0.25
401756954,2025,13,Arizona,Baylor,-6.5,61.5,41,17,-3.5,30.5,14,17,-3.25,30.75,-0.25,-0.25
401761657,2025,13,Georgia Southern,Old Dominion,10.0,62.0,10,45,6.5,31.5,0,31,5.0,31.0,1.5,0.5
401752774,2025,13,Auburn,Mercer,-26.5,51.5,62,17,-14.5,27.5,35,17,-13.25,25.75,-1.25,1.75
401760419,2025,13,Wyoming,Nevada,-6.0,39.5,7,13,-3.5,20.5,0,7,-3.0,19.75,-0.5,0.75
401752773,2025,13,Alabama,Eastern Illinois,-50.5,57.5,56,0,-27.5,30.5,28,0,-25.25,28.75,-2.25,1.75
401762867,2025,13,Toledo,Ball State,-29.5,45.5,38,9,-16.5,24.5,24,3,-14.75,22.75,-1.75,1.75
401757306,2025,13,Kennesaw State,Missouri State,-6.5,54.0,41,34,-3.5,27.5,14,13,-3.25,27.0,-0.25,0.5
401757307,2025,13,Louisiana Tech,Liberty,1.5,45.5,34,28,0.5,22.5,7,13,0.75,22.75,-0.25,-0.25
401757175,2025,13,Florida Atlantic,UConn,6.0,64.0,45,48,3.5,31.5,17,27,3.0,32.0,0.5,-0.5
401762511,2025,13,UAB,South Florida,21.5,68.5,18,48,11.5,35.5,10,17,10.75,34.25,0.75,1.25
401757308,2025,13,Middle Tennessee,Sam Houston,-6.5,53.5,31,17,-3.5,26.5,10,10,-3.25,26.75,-0.25,-0.25
401757309,2025,13,UTEP,New Mexico State,-4.0,44.5,31,34,-2.5,21.5,21,21,-2.0,22.25,-0.5,-0.75
401752782,2025,13,Vanderbilt,Kentucky,-7.0,53.5,45,17,-4.5,27.5,24,3,-3.5,26.75,-1.0,0.75
401762513,2025,13,UTSA,East Carolina,2.0,62.5,58,24,0.5,31.5,34,3,1.0,31.25,-0.5,0.25
401752913,2025,13,Iowa,Michigan State,-17.5,43.0,20,17,-10.5,21.5,7,3,-8.75,21.5,-1.75,0.0
401752911,2025,13,Oregon,USC,-10.5,59.5,42,27,-6.5,30.5,28,14,-5.25,29.75,-1.25,0.75
401754600,2025,13,North Carolina,Duke,6.5,50.5,25,32,3.5,25.5,10,17,3.25,25.25,0.25,0.25
401752780,2025,13,Texas,Arkansas,-10.5,57.5,52,37,-4.5,28.5,24,20,-5.25,28.75,0.75,-0.25
401754604,2025,13,Notre Dame,Syracuse,-36.5,51.5,70,7,-22.5,28.5,49,0,-18.25,25.75,-4.25,2.75
401761658,2025,13,South Alabama,Southern Miss,2.5,53.0,42,35,0.5,26.5,21,7,1.25,26.5,-0.75,0.0
401762515,2025,13,Temple,Tulane,7.5,54.5,13,37,3.5,27.5,7,20,3.75,27.25,-0.25,0.25
401761660,2025,13,Troy,Georgia State,-9.5,51.0,31,19,-6.5,25.5,10,6,-4.75,25.5,-1.75,0.0
401756960,2025,13,Utah,Kansas State,-18.5,52.5,51,47,-9.5,27.5,21,31,-9.25,26.25,-0.25,1.25
401756959,2025,13,UCF,Oklahoma State,-13.5,47.5,17,14,-7.5,23.5,0,14,-6.75,23.75,-0.75,-0.25
401756957,2025,13,Houston,TCU,1.5,55.5,14,17,0.5,27.5,7,14,0.75,27.75,-0.25,-0.25
401752914,2025,13,Maryland,Michigan,14.0,46.5,20,45,7.5,23.5,10,21,7.0,23.25,0.5,0.25
401752779,2025,13,South Carolina,Coastal Carolina,-24.0,50.0,51,7,-13.5,26.5,37,0,-12.0,25.0,-1.5,1.5
401754605,2025,13,Clemson,Furman,-41.5,55.5,45,10,-21.5,30.5,31,3,-20.75,27.75,-0.75,2.75
401761659,2025,13,Texas State,UL Monroe,-20.5,59.5,31,14,-11.5,30.5,3,0,-10.25,29.75,-1.25,0.75
401754601,2025,13,Georgia Tech,Pittsburgh,-2.5,61.5,28,42,-1.5,30.5,14,28,-1.25,30.75,-0.25,-0.25
401760416,2025,13,Boise State,Colorado State,-17.5,46.5,49,21,-9.5,23.5,27,7,-8.75,23.25,-0.75,0.25
401760415,2025,13,Air Force,New Mexico,3.5,53.5,3,20,2.5,26.5,0,17,1.75,26.75,0.75,-0.25
401752908,2025,13,Penn State,Nebraska,-7.5,45.5,37,10,-4.5,22.5,23,3,-3.75,22.75,-0.75,-0.25
401752775,2025,13,Florida,Tennessee,3.5,57.5,11,31,2.5,28.5,0,31,1.75,28.75,0.75,-0.25
401752915,2025,13,Wisconsin,Illinois,8.5,42.5,27,10,4.5,21.5,10,7,4.25,21.25,0.25,0.25
401754599,2025,13,Stanford,California,4.5,47.5,31,10,2.5,23.5,14,10,2.25,23.75,0.25,-0.25
401762514,2025,13,Rice,North Texas,18.5,57.0,24,56,10.5,30.5,14,28,9.25,28.5,1.25,2.0
401752777,2025,13,LSU,Western Kentucky,-24.5,52.0,13,10,-13.5,27.5,7,3,-12.25,26.0,-1.25,1.5
401756956,2025,13,Colorado,Arizona State,7.0,47.5,17,42,3.5,23.5,7,13,3.5,23.75,0.0,-0.25
401756955,2025,13,Cincinnati,BYU,2.5,56.5,14,26,0.5,27.5,7,10,1.25,28.25,-0.75,-0.75
401752910,2025,13,UCLA,Washington,10.5,51.5,14,48,6.5,26.5,0,20,5.25,25.75,1.25,0.75
401760417,2025,13,Fresno State,Utah State,-1.5,50.5,17,28,-0.5,24.5,17,7,-0.75,25.25,0.25,-0.75
401762869,2025,14,Eastern Michigan,Western Michigan,10.0,49.0,21,31,5.5,24.5,7,17,5.0,24.5,0.5,0.0
401762516,2025,14,Memphis,Navy,-3.5,57.5,17,28,-2.5,28.5,17,14,-1.75,28.75,-0.75,-0.25
401762871,2025,14,Northern Illinois,Kent State,-5.0,45.0,31,35,-2.5,21.5,21,17,-2.5,22.5,0.0,-1.0
401752916,2025,14,Nebraska,Iowa,5.5,38.5,16,40,3.5,19.5,16,24,2.75,19.25,0.75,0.25
401756964,2025,14,Kansas,Utah,10.5,59.5,21,31,6.5,30.5,7,10,5.25,29.75,1.25,0.75
401762870,2025,14,Buffalo,Ohio,7.0,44.5,26,31,3.5,21.5,7,21,3.5,22.25,0.0,-0.75
401752788,2025,14,Mississippi State,Ole Miss,7.5,62.5,19,38,4.5,30.5,10,21,3.75,31.25,0.75,-0.75
401760421,2025,14,Colorado State,Air Force,2.5,47.5,21,42,0.5,23.5,7,21,1.25,23.75,-0.75,-0.25
401752786,2025,14,Georgia Tech,Georgia,15.5,59.5,9,16,9.5,30.5,3,13,7.75,29.75,1.75,0.75
401762442,2025,14,North Texas,Temple,-20.0,65.5,52,25,-11.5,33.5,35,7,-10.0,32.75,-1.5,0.75
401760426,2025,14,New Mexico,San Diego State,1.5,41.5,23,17,0.5,20.5,10,14,0.75,20.75,-0.25,-0.25
401760422,2025,14,Utah State,Boise State,1.5,54.5,24,25,0.5,27.5,21,13,0.75,27.25,-0.25,0.25
401752924,2025,14,Purdue,Indiana,28.5,53.5,3,56,16.5,28.5,3,28,14.25,26.75,2.25,1.75
401752792,2025,14,Texas,Texas A&M,2.5,54.5,27,17,0.5,26.5,3,10,1.25,27.25,-0.75,-0.75
401756961,2025,14,Arizona State,Arizona,2.0,48.5,7,23,0.5,23.5,7,3,1.0,24.25,-0.5,-0.75
401762875,2025,14,Miami (OH),Ball State,-16.5,40.5,45,24,-9.5,20.5,31,10,-8.25,20.25,-1.25,0.25
401752921,2025,14,Michigan,Ohio State,9.5,43.5,9,27,5.5,21.5,9,17,4.75,21.75,0.75,-0.25
401756966,2025,14,Oklahoma State,Iowa State,13.5,47.5,13,20,7.5,23.5,7,10,6.75,23.75,0.75,-0.25
401752790,2025,14,South Carolina,Clemson,-2.5,45.5,14,28,-0.5,22.5,14,17,-1.25,22.75,0.75,-0.25
401756965,2025,14,Kansas State,Colorado,-16.5,50.5,24,14,-9.5,26.5,7,7,-8.25,25.25,-1.25,1.25
401752787,2025,14,Louisville,Kentucky,-1.0,45.5,41,0,0.5,22.5,20,0,-0.5,22.75,1.0,-0.25
401754611,2025,14,Pittsburgh,Miami,6.5,49.5,7,38,3.5,24.5,7,17,3.25,24.75,0.25,-0.25
401756962,2025,14,Baylor,Houston,-2.5,57.5,24,31,-0.5,28.5,9,17,-1.25,28.75,0.75,-0.25
401756968,2025,14,West Virginia,Texas Tech,24.5,53.5,0,49,13.5,28.5,0,28,12.25,26.75,1.25,1.75
401762872,2025,14,Central Michigan,Toledo,11.5,46.5,3,21,6.5,23.5,3,0,5.75,23.25,0.75,0.25
401762519,2025,14,Florida Atlantic,East Carolina,6.5,66.5,3,42,3.5,34.5,3,42,3.25,33.25,0.25,1.25
401757311,2025,14,Sam Houston,Florida International,10.5,50.5,16,56,6.5,25.5,10,28,5.25,25.25,1.25,0.25
401756963,2025,14,BYU,UCF,-17.5,46.5,41,21,-9.5,23.5,17,14,-8.75,23.25,-0.75,0.25
401757310,2025,14,Delaware,UTEP,-4.5,55.5,61,31,-2.5,27.5,31,20,-2.25,27.75,-0.25,-0.25
401761663,2025,14,Marshall,Georgia Southern,-10.5,61.5,19,24,-6.5,31.5,6,14,-5.25,30.75,-1.25,0.75
401757314,2025,14,Missouri State,Louisiana Tech,-2.5,45.0,30,42,-1.5,22.5,10,14,-1.25,22.5,-0.25,0.0
401757312,2025,14,Jacksonville State,Western Kentucky,1.5,56.5,37,34,0.5,27.5,24,28,0.75,28.25,-0.25,-0.75
401761664,2025,14,Old Dominion,Georgia State,-29.0,58.5,27,10,-17.5,31.5,10,10,-14.5,29.25,-3.0,2.25
401761665,2025,14,Louisiana,UL Monroe,-10.5,47.5,30,27,-6.5,23.5,17,13,-5.25,23.75,-1.25,-0.25
401754608,2025,14,Syracuse,Boston College,2.5,54.5,12,34,1.5,26.5,6,6,1.25,27.25,0.25,-0.75
401757315,2025,14,New Mexico State,Middle Tennessee,-3.5,52.0,24,31,-2.5,26.5,7,14,-1.75,26.0,-0.75,0.5
401762517,2025,14,Tulsa,UAB,-9.0,56.5,24,31,-5.5,27.5,17,10,-4.5,28.25,-1.0,-0.75
401761667,2025,14,Texas State,South Alabama,-9.5,62.5,49,26,-6.5,31.5,21,7,-4.75,31.25,-1.75,0.25
401762441,2025,14,UTSA,Army,-8.5,50.5,24,27,-4.5,24.5,10,17,-4.25,25.25,-0.25,-0.75
401756967,2025,14,TCU,Cincinnati,-3.0,58.5,45,23,-1.5,29.5,31,17,-1.5,29.25,0.0,0.25
401752917,2025,14,Washington,Oregon,6.5,51.5,14,26,3.5,25.5,7,13,3.25,25.75,0.25,-0.25
401757313,2025,14,Liberty,Kennesaw State,2.5,55.5,42,48,1.5,27.5,14,14,1.25,27.75,0.25,-0.25
401752918,2025,14,Minnesota,Wisconsin,2.5,38.5,17,7,0.5,18.5,10,7,1.25,19.25,-0.75,-0.75
401752920,2025,14,Rutgers,Penn State,14.5,55.5,36,40,7.5,28.5,21,24,7.25,27.75,0.25,0.75
401761666,2025,14,Southern Miss,Troy,-6.5,50.5,18,28,-3.5,24.5,3,14,-3.25,25.25,-0.25,-0.75
401752791,2025,14,Tennessee,Vanderbilt,-2.5,66.5,24,45,-0.5,32.5,21,21,-1.25,33.25,0.75,-0.75
401754610,2025,14,Duke,Wake Forest,-2.5,54.0,49,32,-0.5,27.5,21,17,-1.25,27.0,0.75,0.5
401752783,2025,14,Arkansas,Missouri,4.5,54.5,17,31,2.5,27.5,17,14,2.25,27.25,0.25,0.25
401752789,2025,14,Oklahoma,LSU,-11.5,36.5,17,13,-6.5,17.5,3,3,-5.75,18.25,-0.75,-0.75
401761662,2025,14,Coastal Carolina,James Madison,24.0,54.5,10,59,13.5,28.5,10,20,12.0,27.25,1.5,1.25
401752785,2025,14,Florida,Florida State,1.5,48.5,40,21,-0.5,24.5,17,14,0.75,24.25,-1.25,0.25
401752923,2025,14,Michigan State,Maryland,-4.0,49.5,38,28,-2.5,23.5,24,7,-2.0,24.75,-0.5,-1.25
401754613,2025,14,Virginia,Virginia Tech,-9.5,53.5,27,7,-5.5,26.5,14,0,-4.75,26.75,-0.75,-0.25
401762520,2025,14,South Florida,Rice,-28.5,57.5,52,3,-16.5,30.5,28,3,-14.25,28.75,-2.25,1.75
401752922,2025,14,Illinois,Northwestern,-7.0,44.5,20,13,-3.5,21.5,14,10,-3.5,22.25,0.0,-0.75
401752784,2025,14,Auburn,Alabama,7.0,48.5,20,27,3.5,23.5,6,17,3.5,24.25,0.0,-0.75
401752919,2025,14,USC,UCLA,-21.0,59.0,29,10,-12.5,30.5,7,10,-10.5,29.5,-2.0,1.0
401762518,2025,14,Tulane,Charlotte,-31.5,52.5,27,0,-17.5,28.5,21,0,-15.75,26.25,-1.75,2.25
401754609,2025,14,California,SMU,13.5,53.5,38,35,7.5,27.5,17,7,6.75,26.75,0.75,0.75
401760425,2025,14,Nevada,UNLV,7.5,53.0,17,42,4.5,26.5,3,28,3.75,26.5,0.75,0.0
401754614,2025,14,Stanford,Notre Dame,32.5,50.5,20,49,18.5,27.5,3,35,16.25,25.25,2.25,2.25
401760424,2025,14,Hawai'i,Wyoming,-8.5,45.0,27,7,-5.5,22.5,20,7,-4.25,22.5,-1.25,0.0
401777329,2025,15,Western Michigan,Miami (OH),-2.5,44.5,23,13,-0.5,20.5,16,6,-1.25,22.25,0.75,-1.75
401777351,2025,15,Alabama,Georgia,1.5,48.5,7,28,0.5,23.5,0,14,0.75,24.25,-0.25,-0.75
401777353,2025,15,Ohio State,Indiana,-3.5,45.5,10,13,-2.5,22.5,10,6,-1.75,22.75,-0.75,-0.25
401777328,2025,15,Virginia,Duke,-3.5,58.5,20,27,-2.5,28.5,7,14,-1.75,29.25,-0.75,-0.75
401754528,2025,2,Louisville,James Madison,-15.0,57.0,28,14,-9.5,27.5,6,7,-7.5,28.5,-2.0,-1.0
401752817,2025,2,Northwestern,Western Illinois,-30.5,48.5,42,7,-17.5,27.5,22,0,-15.25,24.25,-2.25,3.25
401752826,2025,2,Maryland,Northern Illinois,-17.0,44.5,20,9,-9.5,22.5,10,3,-8.5,22.25,-1.0,0.25
401760363,2025,2,Boise State,Eastern Washington,-33.5,60.5,51,14,-18.5,31.5,30,7,-16.75,30.25,-1.75,1.25
401757227,2025,2,Jacksonville State,Liberty,6.0,50.5,34,24,3.5,24.5,17,10,3.0,25.25,0.5,-0.75
401752825,2025,2,Duke,Illinois,2.5,49.0,19,45,0.5,23.5,13,14,1.25,24.5,-0.75,-1.0
401752812,2025,2,Indiana,Kennesaw State,-35.5,51.5,56,9,-21.5,28.5,21,6,-17.75,25.75,-3.75,2.75
401754529,2025,2,Pittsburgh,Central Michigan,-21.5,48.5,45,17,-13.5,24.5,24,10,-10.75,24.25,-2.75,0.25
401752822,2025,2,Iowa State,Iowa,-1.5,43.0,16,13,-1.5,20.5,13,10,-0.75,21.5,-0.75,-1.0
401754621,2025,2,Florida State,East Texas A&M,-43.5,56.5,77,3,-26.5,32.5,49,0,-21.75,28.25,-4.75,4.25
401756885,2025,2,Texas Tech,Kent State,-48.5,60.0,62,14,-28.5,35.5,48,0,-24.25,30.0,-4.25,5.5
401752811,2025,2,Penn State,Florida International,-42.0,53.5,34,0,-26.5,30.5,10,0,-21.0,26.75,-5.5,3.75
401752813,2025,2,Minnesota,Northwestern State,-43.0,50.5,66,0,-24.5,29.5,59,0,-21.5,25.25,-3.0,4.25
401754618,2025,2,Syracuse,UConn,-7.0,57.5,27,20,-3.5,27.5,6,14,-3.5,28.75,0.0,-1.25
401752694,2025,2,Texas A&M,Utah State,-34.5,57.5,44,22,-20.5,30.5,30,6,-17.25,28.75,-3.25,1.75
401762462,2025,2,Temple,Howard,-28.0,47.0,55,7,-14.5,24.5,31,7,-14.0,23.5,-0.5,1.0
401754620,2025,2,Wake Forest,Western Carolina,-17.5,60.5,42,10,-11.5,34.5,21,3,-8.75,30.25,-2.75,4.25
401752685,2025,2,Georgia,Austin Peay,-47.0,55.5,28,6,-26.5,31.5,14,3,-23.5,27.75,-3.0,3.75
401760366,2025,2,New Mexico,Idaho State,-17.5,60.0,32,22,-9.5,31.5,14,10,-8.75,30.0,-0.75,1.5
401756881,2025,2,Colorado,Delaware,-23.5,49.5,31,7,-13.5,26.5,17,7,-11.75,24.75,-1.75,1.75
401752692,2025,2,Tennessee,East Tennessee State,-39.5,58.5,72,17,-22.5,30.5,48,7,-19.75,29.25,-2.75,1.25
401752937,2025,2,Oregon State,Fresno State,-1.0,45.5,27,36,-0.5,21.5,15,20,-0.5,22.75,0.0,-1.25
401761603,2025,2,UTSA,Texas State,-4.5,64.5,36,43,-2.5,33.5,14,19,-2.25,32.25,-0.25,1.25
401752824,2025,2,Oregon,Oklahoma State,-28.5,55.5,69,3,-17.5,29.5,41,3,-14.25,27.75,-3.25,1.75
401752818,2025,2,Rutgers,Miami (OH),-15.5,45.5,45,17,-7.5,22.5,24,10,-7.75,22.75,0.25,-0.25
401762458,2025,2,Navy,UAB,-20.5,59.0,38,24,-11.5,30.5,24,24,-10.25,29.5,-1.25,1.0
401756880,2025,2,Cincinnati,Bowling Green,-21.5,46.5,34,20,-12.5,23.5,21,3,-10.75,23.25,-1.75,0.25
401752686,2025,2,Kentucky,Ole Miss,8.0,51.5,23,30,5.5,24.5,13,17,4.0,25.75,1.5,-1.25
401754622,2025,2,Georgia Tech,Gardner-Webb,-37.5,60.5,59,12,-20.5,32.5,28,6,-18.75,30.25,-1.75,2.25
401754637,2025,2,Clemson,Troy,-31.0,51.5,27,16,-18.5,27.5,3,16,-15.5,25.75,-3.0,1.75
401762461,2025,2,Western Michigan,North Texas,12.0,56.0,30,33,6.5,28.5,17,7,6.0,28.0,0.5,0.5
401752815,2025,2,Ohio State,Grambling,-55.5,62.5,70,0,-30.5,35.5,35,0,-27.75,31.25,-2.75,4.25
401762794,2025,2,Buffalo,St. Francis (PA),-37.0,48.0,45,6,-21.5,27.5,24,0,-18.5,24.0,-3.0,3.5
401752689,2025,2,Missouri,Kansas,-7.0,51.0,42,31,-3.5,24.5,21,21,-3.5,25.5,0.0,-1.0
401752820,2025,2,Wisconsin,Middle Tennessee,-28.5,45.5,42,10,-16.5,24.5,14,10,-14.25,22.75,-2.25,1.75
401756883,2025,2,Ohio,West Virginia,3.5,58.5,17,10,2.5,28.5,17,7,1.75,29.25,0.75,-0.75
401760367,2025,2,Wyoming,Northern Iowa,-14.0,47.5,31,7,-7.5,23.5,17,7,-7.0,23.75,-0.5,-0.25
401752684,2025,2,Florida,South Florida,-18.5,58.0,16,18,-10.5,30.5,9,6,-9.25,29.0,-1.25,1.5
401760365,2025,2,Nevada,Sacramento State,-8.0,56.0,20,17,-4.5,27.5,13,17,-4.0,28.0,-0.5,-0.5
401761602,2025,2,Southern Miss,Jackson State,-13.5,53.0,38,20,-9.5,29.5,17,10,-6.75,26.5,-2.75,3.0
401752682,2025,2,Arkansas,Arkansas State,-23.5,62.0,56,14,-13.5,32.5,35,14,-11.75,31.0,-1.75,1.5
401762459,2025,2,East Carolina,Campbell,-30.0,56.0,56,3,-17.5,30.5,35,3,-15.0,28.0,-2.5,2.5
401761599,2025,2,Old Dominion,North Carolina Central,-22.0,50.5,54,6,-12.5,25.5,16,3,-11.0,25.25,-1.5,0.25
401756887,2025,2,Utah,Cal Poly,-42.5,53.5,63,9,-24.5,30.5,35,6,-21.25,26.75,-3.25,3.75
401762460,2025,2,Florida Atlantic,Florida A&M,-21.0,51.0,56,14,-12.5,26.5,39,0,-10.5,25.5,-2.0,1.0
401757228,2025,2,Marshall,Missouri State,-7.0,53.5,20,21,-4.5,27.5,17,7,-3.5,26.75,-1.0,0.75
401754530,2025,2,California,Texas Southern,-44.5,54.5,35,3,-25.5,30.5,11,0,-22.25,27.25,-3.25,3.25
401760364,2025,2,Colorado State,Northern Colorado,-35.0,52.5,21,17,-20.5,30.5,0,10,-17.5,26.25,-3.0,4.25
401754641,2025,2,Miami,Bethune-Cookman,-54.5,64.5,45,3,-31.5,36.5,28,3,-27.25,32.25,-4.25,4.25
401757232,2025,2,Toledo,Western Kentucky,-8.5,57.5,45,21,-4.5,28.5,31,7,-4.25,28.75,-0.25,-0.25
401761598,2025,2,Georgia State,Memphis,14.5,57.5,16,38,7.5,28.5,16,17,7.25,28.75,0.25,-0.25
401756882,2025,2,Kansas State,Army,-17.0,48.5,21,24,-9.5,24.5,13,7,-8.5,24.25,-1.0,0.25
401761601,2025,2,South Alabama,Tulane,13.5,51.5,31,33,7.5,26.5,14,24,6.75,25.75,0.75,0.75
401756886,2025,2,UCF,North Carolina A&T,-38.0,51.0,68,7,-21.5,28.5,40,0,-19.0,25.5,-2.5,3.0
401756884,2025,2,Rice,Houston,13.5,38.5,9,35,7.5,19.5,3,7,6.75,19.25,0.75,0.25
401752819,2025,2,Purdue,Southern Illinois,-19.5,52.0,34,17,-11.5,27.5,24,14,-9.75,26.0,-1.75,1.5
401752690,2025,2,Oklahoma,Michigan,-3.0,47.5,24,13,-2.5,20.5,14,0,-1.5,23.75,-1.0,-3.25
401752810,2025,2,Nebraska,Akron,-34.0,47.5,68,0,-20.5,26.5,33,0,-17.0,23.75,-3.5,2.75
401754527,2025,2,Charlotte,North Carolina,16.5,49.5,3,20,7.5,24.5,3,17,8.25,24.75,-0.75,-0.25
401752695,2025,2,Virginia Tech,Vanderbilt,-2.5,46.5,20,44,-0.5,21.5,20,10,-1.25,23.25,0.75,-1.75
401752816,2025,2,Michigan State,Boston College,-3.5,45.5,42,40,-2.5,22.5,14,21,-1.75,22.75,-0.75,-0.25
401752683,2025,2,Auburn,Ball State,-43.0,52.5,42,3,-26.5,30.5,21,0,-21.5,26.25,-5.0,4.25
401752814,2025,2,USC,Georgia Southern,-29.0,61.5,59,20,-17.5,33.5,31,13,-14.5,30.75,-3.0,2.75
401752687,2025,2,LSU,Louisiana Tech,-36.5,49.5,23,7,-21.5,27.5,10,0,-18.25,24.75,-3.25,2.75
401761597,2025,2,Coastal Carolina,Charleston Southern,-28.5,49.0,13,0,-16.5,27.5,3,0,-14.25,24.5,-2.25,3.0
401752688,2025,2,Mississippi State,Arizona State,6.0,58.5,24,20,3.5,29.5,17,3,3.0,29.25,0.5,0.25
401752681,2025,2,Alabama,UL Monroe,-34.0,50.0,73,0,-20.5,27.5,42,0,-17.0,25.0,-3.5,2.5
401761600,2025,2,Louisiana,McNeese,-19.0,50.0,34,10,-11.5,27.5,17,7,-9.5,25.0,-2.0,2.5
401752823,2025,2,UNLV,UCLA,2.5,54.5,30,23,0.5,27.5,23,3,1.25,27.25,-0.75,0.25
401757229,2025,2,New Mexico State,Tulsa,3.0,52.5,21,14,2.5,25.5,3,0,1.5,26.25,1.0,-0.75
401752691,2025,2,South Carolina,South Carolina State,-43.0,54.0,38,10,-25.5,29.5,17,3,-21.5,27.0,-4.0,2.5
401756879,2025,2,Arizona,Weber State,-31.5,56.5,48,3,-18.5,30.5,34,0,-15.75,28.25,-2.75,2.25
401752948,2025,2,Washington State,San Diego State,-2.0,46.5,36,13,-0.5,23.5,19,7,-1.0,23.25,0.5,0.25
401754526,2025,2,BYU,Stanford,-20.5,44.5,27,3,-11.5,23.5,14,0,-10.25,22.25,-1.25,1.25
401752821,2025,2,Washington,UC Davis,-28.0,54.0,70,10,-17.5,28.5,42,10,-14.0,27.0,-3.5,1.5
401757230,2025,2,Hawai'i,Sam Houston,-7.0,47.5,37,20,-3.5,23.5,17,6,-3.5,23.75,0.0,-0.25
401752836,2025,3,Indiana,Indiana State,-47.5,60.0,73,0,-27.5,34.5,45,0,-23.75,30.0,-3.75,4.5
401754532,2025,3,Syracuse,Colgate,-36.5,64.0,66,24,-21.5,35.5,38,3,-18.25,32.0,-3.25,3.5
401756893,2025,3,Houston,Colorado,-4.0,45.5,36,20,-2.5,22.5,16,14,-2.0,22.75,-0.5,-0.25
401756888,2025,3,Arizona,Kansas State,1.5,55.5,23,17,0.5,27.5,17,3,0.75,27.75,-0.25,-0.25
401752837,2025,3,UCLA,New Mexico,-15.5,52.5,10,35,-8.5,27.5,7,14,-7.75,26.25,-0.75,1.25
401754623,2025,3,Georgia Tech,Clemson,2.5,49.5,24,21,0.5,25.5,13,7,1.25,24.75,-0.75,0.75
401762817,2025,3,Kent State,Buffalo,23.5,48.5,28,31,13.5,25.5,14,10,11.75,24.25,1.75,1.25
401752696,2025,3,Alabama,Wisconsin,-17.5,45.5,38,14,-10.5,22.5,21,0,-8.75,22.75,-1.75,-0.25
401752839,2025,3,Michigan,Central Michigan,-27.5,42.5,63,3,-16.5,23.5,35,3,-13.75,21.25,-2.75,2.25
401761608,2025,3,Troy,Memphis,4.5,51.5,7,28,3.5,26.5,7,21,2.25,25.75,1.25,0.75
401754619,2025,3,Virginia,William & Mary,-30.5,54.5,55,16,-17.5,27.5,42,7,-15.25,27.25,-2.25,0.25
401752828,2025,3,Nebraska,Houston Christian,-48.5,58.5,59,7,-28.5,33.5,38,0,-24.25,29.25,-4.25,4.25
401752831,2025,3,Northwestern,Oregon,25.5,50.5,14,34,14.5,26.5,0,17,12.75,25.25,1.75,1.25
401752838,2025,3,Maryland,Towson,-28.5,53.5,44,17,-17.5,29.5,34,0,-14.25,26.75,-3.25,2.75
401752703,2025,3,Temple,Oklahoma,23.5,50.5,3,42,13.5,27.5,3,28,11.75,25.25,1.75,2.25
401756891,2025,3,Baylor,Samford,-51.5,65.5,42,7,-29.5,36.5,35,7,-25.75,32.75,-3.75,3.75
401752697,2025,3,Auburn,South Alabama,-26.5,56.5,31,15,-14.5,30.5,28,9,-13.25,28.25,-1.25,2.25
401752702,2025,3,Missouri,Louisiana,-27.5,47.5,52,10,-15.5,24.5,38,10,-13.75,23.75,-1.75,0.75
401762818,2025,3,Ball State,New Hampshire,-3.0,46.5,34,29,-1.5,24.5,28,21,-1.5,23.25,0.0,1.25
401757168,2025,3,Delaware,UConn,8.5,52.5,44,41,4.5,26.5,28,24,4.25,26.25,0.25,0.25
401752834,2025,3,Michigan State,Youngstown State,-23.5,55.5,41,24,-13.5,30.5,17,10,-11.75,27.75,-1.75,2.75
401762819,2025,3,Toledo,Morgan State,-33.5,54.5,60,0,-20.5,30.5,46,0,-16.75,27.25,-3.75,3.25
401756892,2025,3,Cincinnati,Northwestern State,-48.5,55.5,70,0,-28.5,31.5,56,0,-24.25,27.75,-4.25,3.75
401752938,2025,3,Texas Tech,Oregon State,-24.5,61.5,45,14,-14.5,33.5,28,0,-12.25,30.75,-2.25,2.75
401762467,2025,3,UTSA,Incarnate Word,-21.0,62.5,48,20,-11.5,32.5,24,0,-10.5,31.25,-1.0,1.25
401752835,2025,3,Penn State,Villanova,-46.5,57.5,52,6,-28.5,31.5,21,0,-23.25,28.75,-5.25,2.75
401752832,2025,3,Purdue,USC,20.5,59.5,17,33,11.5,30.5,3,17,10.25,29.75,1.25,0.75
401754615,2025,3,Missouri State,SMU,29.5,60.5,10,28,16.5,32.5,10,14,14.75,30.25,1.75,2.25
401754639,2025,3,North Carolina,Richmond,-24.5,47.5,41,6,-14.5,24.5,20,3,-12.25,23.75,-2.25,0.75
401752705,2025,3,Tennessee,Georgia,3.5,50.5,41,44,2.5,23.5,21,17,1.75,25.25,0.75,-1.75
401752949,2025,3,North Texas,Washington State,-6.5,57.5,59,10,-3.5,28.5,42,3,-3.25,28.75,-0.25,-0.25
401752833,2025,3,Rutgers,Norfolk State,-44.5,56.5,60,10,-25.5,31.5,26,3,-22.25,28.25,-3.25,3.25
401754638,2025,3,West Virginia,Pittsburgh,6.5,54.5,31,24,3.5,27.5,7,3,3.25,27.25,0.25,0.25
401756890,2025,3,Arkansas State,Iowa State,21.0,55.5,16,24,12.5,29.5,10,17,10.5,27.75,2.0,1.75
401752706,2025,3,Texas,UTEP,-39.5,52.5,27,10,-23.5,29.5,14,3,-19.75,26.25,-3.75,3.25
401754535,2025,3,Miami,South Florida,-17.5,56.5,49,12,-10.5,28.5,28,6,-8.75,28.25,-1.75,0.25
401757256,2025,3,Bowling Green,Liberty,6.0,51.5,23,13,3.5,24.5,10,0,3.0,25.75,0.5,-1.25
401757258,2025,3,Nevada,Middle Tennessee,-9.0,50.0,13,14,-5.5,24.5,13,0,-4.5,25.0,-1.0,-0.5
401761606,2025,3,Marshall,Eastern Kentucky,-14.5,49.5,38,7,-8.5,27.5,31,0,-7.25,24.75,-1.25,2.75
401752701,2025,3,Mississippi State,Alcorn State,-42.5,56.5,63,0,-24.5,31.5,42,0,-21.25,28.25,-3.25,3.25
401757235,2025,3,Kennesaw State,Merrimack,-17.5,44.5,27,13,-9.5,23.5,7,0,-8.75,22.25,-0.75,1.25
401762464,2025,3,Charlotte,Monmouth,-3.0,66.5,42,35,-2.5,33.5,7,14,-1.5,33.25,-1.0,0.25
401757233,2025,3,Florida International,Florida Atlantic,-2.0,56.5,38,28,-1.5,28.5,17,21,-1.0,28.25,-0.5,0.25
401752700,2025,3,Ole Miss,Arkansas,-3.5,60.5,41,35,-2.5,30.5,31,28,-1.75,30.25,-0.75,0.25
401752829,2025,3,Illinois,Western Michigan,-27.5,50.5,38,0,-16.5,27.5,10,0,-13.75,25.25,-2.75,2.25
401752827,2025,3,Ohio State,Ohio,-28.0,49.0,37,9,-17.5,27.5,13,3,-14.0,24.5,-3.5,3.0
401754536,2025,3,Virginia Tech,Old Dominion,-5.5,50.5,26,45,-3.5,25.5,0,28,-2.75,25.25,-0.75,0.25
401757234,2025,3,Georgia Southern,Jacksonville State,-3.0,59.0,41,34,-2.5,28.5,31,24,-1.5,29.5,-1.0,-1.0
401761605,2025,3,Georgia State,Murray State,-31.5,63.5,37,21,-18.5,34.5,23,7,-15.75,31.75,-2.75,2.75
401762466,2025,3,Rice,Prairie View A&M,-29.5,48.5,38,17,-17.5,27.5,24,7,-14.75,24.25,-2.75,3.25
401757257,2025,3,Louisiana Tech,New Mexico State,-10.0,42.5,49,14,-5.5,21.5,27,14,-5.0,21.25,-0.5,0.25
401761604,2025,3,Coastal Carolina,East Carolina,7.0,58.0,0,38,4.5,28.5,0,10,3.5,29.0,1.0,-0.5
401752698,2025,3,Kentucky,Eastern Michigan,-26.5,49.5,48,23,-14.5,25.5,28,16,-13.25,24.75,-1.25,0.75
401752707,2025,3,Notre Dame,Texas A&M,-7.5,48.5,40,41,-3.5,24.5,24,28,-3.75,24.25,0.25,0.25
401752699,2025,3,LSU,Florida,-5.5,47.5,20,10,-3.5,23.5,13,10,-2.75,23.75,-0.75,-0.25
401752704,2025,3,South Carolina,Vanderbilt,-3.0,48.5,7,31,-1.5,24.5,7,14,-1.5,24.25,0.0,0.25
401762465,2025,3,Tulsa,Navy,14.0,52.5,23,42,7.5,26.5,17,21,7.0,26.25,0.5,0.25
401756894,2025,3,TCU,Abilene Christian,-42.5,60.5,42,21,-24.5,34.5,28,0,-21.25,30.25,-3.25,4.25
401754534,2025,3,Tulane,Duke,-1.5,52.5,34,27,-0.5,26.5,24,9,-0.75,26.25,0.25,0.25
401756895,2025,3,Wyoming,Utah,24.5,47.5,6,31,13.5,24.5,0,3,12.25,23.75,1.25,0.75
401762463,2025,3,UAB,Akron,-12.5,58.5,31,28,-6.5,29.5,31,20,-6.25,29.25,-0.25,0.25
401760368,2025,3,Utah State,Air Force,4.0,51.5,49,30,2.5,24.5,14,10,2.0,25.75,0.5,-1.25
401760369,2025,3,Fresno State,Southern,-37.5,51.5,56,7,-21.5,29.5,35,7,-18.75,25.75,-2.75,3.75
401754533,2025,3,Stanford,Boston College,14.0,44.5,30,20,7.5,23.5,20,20,7.0,22.25,0.5,1.25
401752840,2025,3,California,Minnesota,3.0,41.5,27,14,0.5,20.5,10,7,1.5,20.75,-1.0,-0.25
401756889,2025,3,Arizona State,Texas State,-18.5,61.5,34,15,-10.5,31.5,20,3,-9.25,30.75,-1.25,0.75
401760370,2025,3,Hawai'i,Portland State,-35.5,54.5,23,3,-21.5,30.5,14,0,-17.75,27.25,-3.75,3.25
401762468,2025,4,Charlotte,Rice,1.5,41.5,17,28,0.5,20.5,9,14,0.75,20.75,-0.25,-0.25
401756900,2025,4,Oklahoma State,Tulsa,-10.5,54.5,12,19,-5.5,27.5,3,16,-5.25,27.25,-0.25,0.25
401752844,2025,4,Rutgers,Iowa,2.5,46.5,28,38,0.5,23.5,21,21,1.25,23.25,-0.75,0.25
401754617,2025,4,Virginia Tech,Wofford,-35.5,51.5,38,6,-20.5,28.5,21,3,-17.75,25.75,-2.75,2.75
401760376,2025,4,Miami (OH),UNLV,2.5,49.5,38,41,0.5,24.5,24,10,1.25,24.75,-0.75,-0.25
401756901,2025,4,Utah,Texas Tech,-3.5,58.5,10,34,-2.5,28.5,3,10,-1.75,29.25,-0.75,-0.75
401762469,2025,4,Army,North Texas,2.5,50.5,38,45,1.5,24.5,14,28,1.25,25.25,0.25,-0.75
401754642,2025,4,Louisville,Bowling Green,-26.5,50.5,40,17,-14.5,27.5,21,3,-13.25,25.25,-1.25,2.25
401754537,2025,4,Clemson,Syracuse,-17.5,53.5,21,34,-9.5,27.5,14,24,-8.75,26.75,-0.75,0.75
401752708,2025,4,Memphis,Arkansas,7.0,59.5,32,31,3.5,29.5,17,28,3.5,29.75,0.0,-0.25
401762470,2025,4,South Florida,South Carolina State,-36.0,56.5,63,14,-20.5,31.5,21,7,-18.0,28.25,-2.5,3.25
401752845,2025,4,Wisconsin,Maryland,-10.5,44.5,10,27,-6.5,22.5,0,20,-5.25,22.25,-1.25,0.25
401754636,2025,4,TCU,SMU,-6.5,63.5,35,24,-3.5,32.5,14,10,-3.25,31.75,-0.25,0.75
401752715,2025,4,Tennessee,UAB,-39.5,69.5,56,24,-24.5,38.5,42,7,-19.75,34.75,-4.75,3.75
401762822,2025,4,Central Michigan,Wagner,-29.0,47.0,49,10,-16.5,24.5,35,3,-14.5,23.5,-2.0,1.0
401752841,2025,4,Oregon,Oregon State,-33.5,58.5,41,7,-21.5,32.5,21,7,-16.75,29.25,-4.75,3.25
401762823,2025,4,Ohio,Gardner-Webb,-30.5,55.0,52,35,-17.5,31.5,31,21,-15.25,27.5,-2.25,4.0
401754640,2025,4,UCF,North Carolina,-7.0,46.5,34,9,-3.5,23.5,20,3,-3.5,23.25,0.0,0.25
401752711,2025,4,Ole Miss,Tulane,-12.5,61.5,45,10,-6.5,31.5,23,3,-6.25,30.75,-0.25,0.75
401752846,2025,4,Nebraska,Michigan,1.5,47.5,27,30,0.5,23.5,17,17,0.75,23.75,-0.25,-0.25
401762820,2025,4,Western Michigan,Toledo,13.5,48.5,14,13,7.5,24.5,0,3,6.75,24.25,0.75,0.25
401757169,2025,4,UConn,Ball State,-21.0,53.5,31,25,-11.5,27.5,10,7,-10.5,26.75,-1.0,0.75
401752714,2025,4,Oklahoma,Auburn,-6.5,47.5,24,17,-3.5,23.5,10,10,-3.25,23.75,-0.25,-0.25
401761613,2025,4,Buffalo,Troy,-5.5,43.5,17,21,-3.5,21.5,7,0,-2.75,21.75,-0.75,-0.25
401757262,2025,4,Liberty,James Madison,7.5,46.5,13,31,4.5,23.5,10,10,3.75,23.25,0.75,0.25
401752848,2025,4,Notre Dame,Purdue,-24.5,51.5,56,30,-14.5,27.5,35,23,-12.25,25.75,-2.25,1.75
401754541,2025,4,Florida State,Kent State,-44.5,56.5,66,10,-27.5,32.5,45,7,-22.25,28.25,-5.25,4.25
401761610,2025,4,Eastern Michigan,Louisiana,2.5,51.5,34,31,0.5,24.5,21,17,1.25,25.75,-0.75,-1.25
401752712,2025,4,Mississippi State,Northern Illinois,-23.5,48.5,38,10,-14.5,25.5,14,10,-11.75,24.25,-2.75,1.25
401754542,2025,4,Georgia Tech,Temple,-24.5,52.5,45,24,-13.5,28.5,21,7,-12.25,26.25,-1.25,2.25
401762821,2025,4,Akron,Duquesne,-10.5,51.0,51,7,-6.5,24.5,38,0,-5.25,25.5,-1.25,-1.0
401756899,2025,4,Kansas,West Virginia,-12.5,54.5,41,10,-6.5,27.5,20,3,-6.25,27.25,-0.25,0.25
401757261,2025,4,Kennesaw State,Arkansas State,4.5,57.5,28,21,2.5,28.5,21,7,2.25,28.75,0.25,-0.25
401757259,2025,4,Florida International,Delaware,-4.0,54.5,16,38,-2.5,27.5,7,24,-2.0,27.25,-0.5,0.25
401760372,2025,4,Air Force,Boise State,10.5,51.5,37,49,6.5,25.5,14,21,5.25,25.75,1.25,-0.25
401761609,2025,4,Georgia Southern,Maine,-22.0,57.5,45,17,-13.5,31.5,17,14,-11.0,28.75,-2.5,2.75
401757268,2025,4,Western Kentucky,Nevada,-8.5,54.5,31,16,-4.5,27.5,3,10,-4.25,27.25,-0.25,0.25
401757264,2025,4,Middle Tennessee,Marshall,2.5,46.5,28,42,1.5,22.5,20,21,1.25,23.25,0.25,-0.75
401761611,2025,4,South Alabama,Coastal Carolina,-14.5,51.5,20,38,-8.5,26.5,14,7,-7.25,25.75,-1.25,0.75
401757260,2025,4,Jacksonville State,Murray State,-35.5,60.5,45,10,-21.5,33.5,24,3,-17.75,30.25,-3.75,3.25
401752713,2025,4,Missouri,South Carolina,-10.0,48.5,29,20,-6.5,24.5,12,14,-5.0,24.25,-1.5,0.25
401752716,2025,4,Vanderbilt,Georgia State,-27.5,53.5,70,21,-16.5,28.5,42,9,-13.75,26.75,-2.75,1.75
401752843,2025,4,Indiana,Illinois,-7.0,51.5,63,10,-3.5,25.5,35,10,-3.5,25.75,0.0,-0.25
401756898,2025,4,East Carolina,BYU,6.5,49.5,13,34,3.5,24.5,3,13,3.25,24.75,0.25,-0.25
401757263,2025,4,Louisiana Tech,Southern Miss,-3.0,51.5,30,20,-2.5,25.5,30,10,-1.5,25.75,-1.0,-0.25
401754539,2025,4,Virginia,Stanford,-16.5,48.5,48,20,-9.5,24.5,28,14,-8.25,24.25,-1.25,0.25
401752842,2025,4,Washington State,Washington,21.0,51.5,24,59,11.5,27.5,10,24,10.5,25.75,1.0,1.75
401756896,2025,4,Baylor,Arizona State,-3.0,60.5,24,27,-0.5,30.5,10,10,-1.5,30.25,1.0,0.25
401752709,2025,4,Miami,Florida,-8.5,51.5,26,7,-4.5,24.5,13,0,-4.25,25.75,-0.25,-1.25
401761612,2025,4,Texas State,Nicholls,-32.5,57.0,35,3,-18.5,31.5,28,3,-16.25,28.5,-2.25,3.0
401752723,2025,4,Texas,Sam Houston,-39.5,51.5,55,0,-24.5,29.5,31,0,-19.75,25.75,-4.75,3.75
401760377,2025,4,Utah State,McNeese,-23.5,63.0,48,7,-14.5,34.5,34,7,-11.75,31.5,-2.75,3.0
401757267,2025,4,UTEP,UL Monroe,-5.5,47.5,25,31,-3.5,23.5,7,24,-2.75,23.75,-0.75,-0.25
401760373,2025,4,Colorado State,UTSA,4.5,58.5,16,17,3.5,29.5,3,10,2.25,29.25,1.25,0.25
401756897,2025,4,Colorado,Wyoming,-12.5,45.5,37,20,-6.5,23.5,21,3,-6.25,22.75,-0.25,0.75
401754540,2025,4,San Diego State,California,14.0,47.5,34,0,7.5,23.5,13,0,7.0,23.75,0.5,-0.25
401752847,2025,4,USC,Michigan State,-18.5,55.5,45,31,-10.5,28.5,24,10,-9.25,27.75,-1.25,0.75
401760374,2025,4,Hawai'i,Fresno State,2.5,47.5,21,23,0.5,23.5,9,7,1.25,23.75,-0.75,-0.25
401762471,2025,5,East Carolina,Army,-3.5,52.5,28,6,-2.5,26.5,21,0,-1.75,26.25,-0.75,0.25
401754543,2025,5,Virginia,Florida State,7.0,59.5,46,38,3.5,30.5,21,21,3.5,29.75,0.0,0.75
401756902,2025,5,Arizona State,TCU,-2.5,54.5,27,24,-1.5,27.5,14,17,-1.25,27.25,-0.25,0.25
401752939,2025,5,Oregon State,Houston,11.5,48.5,24,27,7.5,23.5,14,10,5.75,24.25,1.75,-0.75
401752849,2025,5,Minnesota,Rutgers,-3.5,51.5,31,28,-2.5,25.5,14,21,-1.75,25.75,-0.75,-0.25
401754547,2025,5,Pittsburgh,Louisville,3.0,53.5,27,34,1.5,27.5,27,17,1.5,26.75,0.0,0.75
401761617,2025,5,North Texas,South Alabama,-13.5,63.5,36,22,-6.5,32.5,14,7,-6.75,31.75,0.25,0.75
401752717,2025,5,Arkansas,Notre Dame,5.5,64.5,13,56,3.5,31.5,13,42,2.75,32.25,0.75,-0.75
401756906,2025,5,Kansas State,UCF,-5.5,48.5,34,20,-3.5,24.5,17,7,-2.75,24.25,-0.75,0.25
401752850,2025,5,Illinois,USC,6.5,62.5,34,32,3.5,31.5,14,10,3.25,31.25,0.25,0.25
401756905,2025,5,Kansas,Cincinnati,-5.5,55.5,34,37,-3.5,28.5,13,20,-2.75,27.75,-0.75,0.75
401762825,2025,5,Ohio,Bowling Green,-7.5,49.5,35,20,-4.5,24.5,21,13,-3.75,24.75,-0.75,-0.25
401754546,2025,5,Wake Forest,Georgia Tech,13.5,53.5,29,30,7.5,27.5,17,3,6.75,26.75,0.75,0.75
401754545,2025,5,Syracuse,Duke,4.0,59.5,3,38,2.5,29.5,3,24,2.0,29.75,0.5,-0.25
401752725,2025,5,Vanderbilt,Utah State,-23.5,57.5,55,35,-13.5,30.5,31,21,-11.75,28.75,-1.75,1.75
401762826,2025,5,Central Michigan,Eastern Michigan,-3.0,55.5,24,13,-2.5,27.5,21,6,-1.5,27.75,-1.0,-0.25
401761614,2025,5,James Madison,Georgia Southern,-14.5,54.5,35,10,-7.5,27.5,21,3,-7.25,27.25,-0.25,0.25
401761616,2025,5,UL Monroe,Arkansas State,-1.5,55.5,28,16,-0.5,27.5,14,10,-0.75,27.75,0.25,-0.25
401756908,2025,5,West Virginia,Utah,13.5,46.5,14,48,6.5,22.5,0,28,6.75,23.25,-0.25,-0.75
401760380,2025,5,Northern Illinois,San Diego State,1.5,41.5,3,6,0.5,20.5,3,3,0.75,20.75,-0.25,-0.25
401752852,2025,5,Washington,Ohio State,9.5,52.5,6,24,4.5,26.5,3,7,4.75,26.25,-0.25,0.25
401752724,2025,5,Texas A&M,Auburn,-6.5,51.5,16,10,-3.5,25.5,13,3,-3.25,25.75,-0.25,-0.25
401752853,2025,5,Iowa,Indiana,9.5,47.5,15,20,3.5,23.5,10,10,4.75,23.75,-1.25,-0.25
401752719,2025,5,Ole Miss,LSU,-2.5,57.5,24,19,-2.5,29.5,17,7,-1.25,28.75,-1.25,0.75
401757170,2025,5,Buffalo,UConn,3.0,51.5,17,20,1.5,24.5,7,7,1.5,25.75,0.0,-1.25
401756907,2025,5,Oklahoma State,Baylor,21.0,58.5,27,45,11.5,30.5,20,28,10.5,29.25,1.0,1.25
401762473,2025,5,Navy,Rice,-14.0,45.5,21,13,-7.5,23.5,14,0,-7.0,22.75,-0.5,0.75
401754544,2025,5,Boston College,California,-6.0,54.5,24,28,-3.5,26.5,17,14,-3.0,27.25,-0.5,-0.75
401752851,2025,5,Northwestern,UCLA,-6.0,45.5,17,14,-3.5,22.5,17,3,-3.0,22.75,-0.5,-0.25
401762824,2025,5,Toledo,Akron,-21.5,50.5,45,3,-12.5,26.5,35,3,-10.75,25.25,-1.75,1.25
401760378,2025,5,Air Force,Hawai'i,-7.0,52.5,35,44,-3.5,26.5,7,17,-3.5,26.25,0.0,0.25
401762474,2025,5,Tulsa,Tulane,14.5,52.5,14,31,7.5,27.5,14,24,7.25,26.25,0.25,1.25
401757274,2025,5,New Mexico,New Mexico State,-16.5,53.5,38,20,-8.5,27.5,14,17,-8.25,26.75,-0.25,0.75
401752720,2025,5,Mississippi State,Tennessee,7.5,63.5,34,41,4.5,31.5,17,17,3.75,31.75,0.75,-0.25
401757270,2025,5,Kennesaw State,Middle Tennessee,-7.0,54.5,24,16,-3.5,26.5,21,10,-3.5,27.25,0.0,-0.75
401757271,2025,5,Old Dominion,Liberty,-14.5,53.5,21,7,-9.5,27.5,14,0,-7.25,26.75,-2.25,0.75
401757273,2025,5,Missouri State,Western Kentucky,3.5,59.5,22,27,2.5,29.5,9,10,1.75,29.75,0.75,-0.25
401762472,2025,5,Florida Atlantic,Memphis,14.0,62.5,26,55,7.5,31.5,16,17,7.0,31.25,0.5,0.25
401756904,2025,5,Iowa State,Arizona,-4.0,48.5,39,14,-2.5,23.5,22,7,-2.0,24.25,-0.5,-0.75
401757269,2025,5,Southern Miss,Jacksonville State,-4.5,55.5,42,25,-3.5,27.5,21,3,-2.25,27.75,-1.25,-0.25
401752950,2025,5,Colorado State,Washington State,-4.5,48.5,3,20,-3.5,23.5,3,20,-2.25,24.25,-1.25,-0.75
401752854,2025,5,Penn State,Oregon,-4.5,52.5,24,30,-2.5,26.5,3,3,-2.25,26.25,-0.25,0.25
401752718,2025,5,Georgia,Alabama,-2.5,53.5,21,24,-0.5,26.5,14,24,-1.25,26.75,0.75,-0.25
401752722,2025,5,South Carolina,Kentucky,-5.5,46.5,35,13,-2.5,23.5,28,10,-2.75,23.25,0.25,0.25
401761615,2025,5,Louisiana,Marshall,2.5,47.5,54,51,-0.5,23.5,17,17,1.25,23.75,-1.75,-0.25
401757272,2025,5,UTEP,Louisiana Tech,3.5,48.5,11,30,2.5,23.5,0,7,1.75,24.25,0.75,-0.75
401756903,2025,5,Colorado,BYU,6.5,48.5,21,24,3.5,24.5,14,10,3.25,24.25,0.25,0.25
401757275,2025,6,New Mexico State,Sam Houston,1.5,53.5,37,10,0.5,26.5,10,3,0.75,26.75,-0.25,-0.25
401757276,2025,6,Delaware,Western Kentucky,-2.5,62.5,24,27,-0.5,29.5,17,10,-1.25,31.25,0.75,-1.75
401762475,2025,6,South Florida,Charlotte,-28.5,54.5,54,26,-16.5,30.5,33,7,-14.25,27.25,-2.25,3.25
401756909,2025,6,BYU,West Virginia,-19.5,46.5,38,24,-10.5,23.5,28,10,-9.75,23.25,-0.75,0.25
401760382,2025,6,San Diego State,Colorado State,-4.5,40.5,45,24,-2.5,20.5,28,10,-2.25,20.25,-0.25,0.25
401752728,2025,6,Georgia,Kentucky,-19.5,48.5,35,14,-11.5,25.5,21,7,-9.75,24.25,-1.75,1.25
401756912,2025,6,Cincinnati,Iowa State,-1.5,55.5,38,30,-0.5,26.5,31,15,-0.75,27.75,0.25,-1.25
401756911,2025,6,Baylor,Kansas State,-4.5,59.5,35,34,-2.5,30.5,17,17,-2.25,29.75,-0.25,0.75
401762476,2025,6,UAB,Army,6.5,55.5,13,31,3.5,27.5,7,10,3.25,27.75,0.25,-0.25
401752861,2025,6,Purdue,Illinois,7.5,55.5,27,43,4.5,27.5,14,27,3.75,27.75,0.75,-0.25
401760381,2025,6,Navy,Air Force,-13.5,50.5,34,31,-7.5,26.5,17,10,-6.75,25.25,-0.75,1.25
401752856,2025,6,Michigan,Wisconsin,-17.5,42.5,24,10,-9.5,21.5,10,7,-8.75,21.25,-0.75,0.25
401762830,2025,6,Ball State,Ohio,14.0,52.5,20,14,7.5,26.5,0,14,7.0,26.25,0.5,0.25
401754552,2025,6,North Carolina,Clemson,15.5,47.5,10,38,8.5,23.5,3,35,7.75,23.75,0.75,-0.25
401754550,2025,6,Pittsburgh,Boston College,-6.5,54.5,48,7,-3.5,27.5,31,0,-3.25,27.25,-0.25,0.25
401762479,2025,6,Temple,UTSA,6.5,58.5,27,21,3.5,29.5,3,14,3.25,29.25,0.25,0.25
401754556,2025,6,Virginia Tech,Wake Forest,-4.5,51.5,23,30,-3.5,25.5,14,24,-2.25,25.75,-1.25,-0.25
401756910,2025,6,Arizona,Oklahoma State,-21.5,56.5,41,13,-11.5,29.5,24,6,-10.75,28.25,-0.75,1.25
401752727,2025,6,Florida,Texas,4.5,42.5,29,21,3.5,20.5,19,7,2.25,21.25,1.25,-0.75
401752857,2025,6,Maryland,Washington,5.5,52.5,20,24,2.5,25.5,13,0,2.75,26.25,-0.25,-0.75
401762873,2025,6,Northern Illinois,Miami (OH),4.5,38.5,14,25,2.5,20.5,14,10,2.25,19.25,0.25,1.25
401761618,2025,6,Georgia State,James Madison,19.5,52.5,7,14,10.5,27.5,7,0,9.75,26.25,0.75,1.25
401762831,2025,6,Buffalo,Eastern Michigan,-9.5,53.5,31,30,-5.5,26.5,14,14,-4.75,26.75,-0.75,-0.25
401754555,2025,6,SMU,Syracuse,-17.5,56.5,31,18,-10.5,29.5,24,3,-8.75,28.25,-1.75,1.25
401762829,2025,6,Akron,Central Michigan,7.0,47.5,28,22,3.5,23.5,14,10,3.5,23.75,0.0,-0.25
401752858,2025,6,Northwestern,UL Monroe,-12.5,43.5,42,7,-6.5,21.5,18,7,-6.25,21.75,-0.25,-0.25
401752726,2025,6,Alabama,Vanderbilt,-13.5,58.5,30,14,-6.5,28.5,14,14,-6.75,29.25,0.25,-0.75
401754554,2025,6,Louisville,Virginia,-6.5,59.5,27,30,-3.5,30.5,14,14,-3.25,29.75,-0.25,0.75
401752855,2025,6,UCLA,Penn State,24.5,48.5,42,37,14.5,26.5,27,7,12.25,24.25,2.25,2.25
401757165,2025,6,Notre Dame,Boise State,-21.5,63.5,28,7,-12.5,33.5,14,7,-10.75,31.75,-1.75,1.75
401757171,2025,6,UConn,Florida International,-7.0,52.5,51,10,-4.5,26.5,27,3,-3.5,26.25,-1.0,0.25
401752860,2025,6,Nebraska,Michigan State,-12.5,48.5,38,27,-6.5,23.5,14,7,-6.25,24.25,-0.25,-0.75
401752729,2025,6,Oklahoma,Kent State,-46.5,53.5,44,0,-28.5,31.5,23,0,-23.25,26.75,-5.25,4.75
401761620,2025,6,Arkansas State,Texas State,14.0,63.5,31,30,7.5,31.5,10,10,7.0,31.75,0.5,-0.25
401761619,2025,6,Old Dominion,Coastal Carolina,-18.5,53.5,47,7,-10.5,28.5,34,0,-9.25,26.75,-1.25,1.75
401760385,2025,6,Wyoming,UNLV,4.5,50.5,17,31,2.5,24.5,3,24,2.25,25.25,0.25,-0.75
401762477,2025,6,Rice,Florida Atlantic,-4.5,54.5,21,27,-2.5,27.5,7,17,-2.25,27.25,-0.25,0.25
401756913,2025,6,Houston,Texas Tech,13.5,51.5,11,35,7.5,26.5,11,25,6.75,25.75,0.75,0.75
401761621,2025,6,Troy,South Alabama,2.5,46.5,31,24,0.5,22.5,14,7,1.25,23.25,-0.75,-0.75
401752730,2025,6,Texas A&M,Mississippi State,-17.5,57.5,31,9,-9.5,29.5,7,3,-8.75,28.75,-0.75,0.75
401752859,2025,6,Ohio State,Minnesota,-23.5,42.5,42,3,-13.5,23.5,21,3,-11.75,21.25,-1.75,2.25
401756915,2025,6,UCF,Kansas,4.0,53.5,20,27,3.5,26.5,20,14,2.0,26.75,1.5,-0.25
401756914,2025,6,TCU,Colorado,-13.5,57.5,35,21,-7.5,28.5,14,14,-6.75,28.75,-0.75,-0.25
401754553,2025,6,Florida State,Miami,3.5,54.5,22,28,2.5,27.5,3,14,1.75,27.25,0.75,0.25
401762478,2025,6,Memphis,Tulsa,-21.0,54.5,45,7,-12.5,28.5,28,7,-10.5,27.25,-2.0,1.25
401760383,2025,6,Fresno State,Nevada,-12.5,45.5,20,17,-7.5,23.5,20,3,-6.25,22.75,-1.25,0.75
401754551,2025,6,California,Duke,3.5,54.5,21,45,1.5,27.5,21,31,1.75,27.25,-0.25,0.25
401757278,2025,7,Middle Tennessee,Missouri State,2.5,52.5,20,22,0.5,24.5,13,16,1.25,26.25,-0.75,-1.75
401757277,2025,7,UTEP,Liberty,1.5,46.5,8,19,0.5,22.5,0,13,0.75,23.25,-0.25,-0.75
401757280,2025,7,Kennesaw State,Louisiana Tech,4.5,46.5,35,7,2.5,23.5,14,7,2.25,23.25,0.25,0.25
401762480,2025,7,Tulane,East Carolina,-7.0,53.5,26,19,-3.5,26.5,12,0,-3.5,26.75,0.0,-0.25
401761622,2025,7,Georgia Southern,Southern Miss,3.0,59.5,35,38,0.5,30.5,7,28,1.5,29.75,-1.0,0.75
401757279,2025,7,Sam Houston,Jacksonville State,7.0,53.5,27,29,3.5,27.5,14,17,3.5,26.75,0.0,0.75
401762481,2025,7,North Texas,South Florida,-2.5,68.5,36,63,-0.5,34.5,21,21,-1.25,34.25,0.75,0.25
401752862,2025,7,Washington,Rutgers,-9.5,62.5,38,19,-6.5,30.5,10,13,-4.75,31.25,-1.75,-0.75
401760388,2025,7,Colorado State,Fresno State,5.5,47.5,49,21,3.5,23.5,35,14,2.75,23.75,0.75,-0.25
401762833,2025,7,Akron,Miami (OH),11.5,47.5,7,20,6.5,23.5,0,3,5.75,23.75,0.75,-0.25
401752863,2025,7,Michigan State,UCLA,-7.0,51.5,13,38,-4.5,26.5,7,24,-3.5,25.75,-1.0,0.75
401762483,2025,7,Army,Charlotte,-17.5,45.5,24,7,-9.5,23.5,17,0,-8.75,22.75,-0.75,0.75
401754561,2025,7,SMU,Stanford,-19.5,55.5,34,10,-10.5,28.5,17,7,-9.75,27.75,-0.75,0.75
401754559,2025,7,Florida State,Pittsburgh,-10.5,56.5,31,34,-6.5,28.5,21,14,-5.25,28.25,-1.25,0.25
401756917,2025,7,Cincinnati,UCF,-10.0,55.5,20,11,-6.5,27.5,17,3,-5.0,27.75,-1.5,-0.25
401761625,2025,7,James Madison,Louisiana,-18.5,44.5,24,14,-10.5,23.5,7,14,-9.25,22.25,-1.25,1.25
401762835,2025,7,Bowling Green,Toledo,10.5,45.5,28,23,6.5,23.5,7,21,5.25,22.75,1.25,0.75
401756920,2025,7,Oklahoma State,Houston,14.5,47.5,17,39,7.5,24.5,10,24,7.25,23.75,0.25,0.75
401752865,2025,7,Illinois,Ohio State,15.5,51.5,16,34,7.5,26.5,3,20,7.75,25.75,-0.25,0.75
401752734,2025,7,Missouri,Alabama,3.5,50.5,24,27,2.5,26.5,10,17,1.75,25.25,0.75,1.25
401752733,2025,7,Ole Miss,Washington State,-33.5,58.5,24,21,-20.5,31.5,10,7,-16.75,29.25,-3.75,2.25
401762836,2025,7,Eastern Michigan,Northern Illinois,1.5,48.5,16,10,0.5,23.5,6,3,0.75,24.25,-0.25,-0.75
401752870,2025,7,Oregon,Indiana,-7.0,51.5,20,30,-3.5,26.5,10,13,-3.5,25.75,0.0,0.75
401752866,2025,7,Penn State,Northwestern,-20.5,46.5,21,22,-11.5,24.5,14,13,-10.25,23.25,-1.25,1.25
401752867,2025,7,Maryland,Nebraska,7.0,47.5,31,34,3.5,23.5,17,24,3.5,23.75,0.0,-0.25
401756918,2025,7,Colorado,Iowa State,3.0,52.5,24,17,1.5,24.5,7,10,1.5,26.25,0.0,-1.75
401762834,2025,7,Western Michigan,Ball State,-9.5,43.5,42,0,-5.5,21.5,21,0,-4.75,21.75,-0.75,-0.25
401756919,2025,7,Kansas State,TCU,3.0,54.5,41,28,1.5,27.5,14,7,1.5,27.25,0.0,0.25
401767511,2025,7,North Dakota State,Southern Illinois,-20.0,58.5,45,17,-10.5,30.5,17,10,-10.0,29.25,-0.5,1.25
401754563,2025,7,Oregon State,Wake Forest,1.5,47.5,14,39,0.5,23.5,0,25,0.75,23.75,-0.25,-0.25
401752736,2025,7,Texas,Oklahoma,-2.5,44.5,23,6,-0.5,21.5,3,6,-1.25,22.25,0.75,-0.75
401761626,2025,7,Marshall,Old Dominion,14.5,57.5,48,24,7.5,29.5,24,10,7.25,28.75,0.25,0.75
401754560,2025,7,Georgia Tech,Virginia Tech,-14.0,55.5,35,20,-7.5,28.5,21,7,-7.0,27.75,-0.5,0.75
401760386,2025,7,UNLV,Air Force,-7.0,65.5,51,48,-4.5,33.5,13,21,-3.5,32.75,-1.0,0.75
401762484,2025,7,Temple,Navy,10.0,52.5,31,32,5.5,26.5,17,7,5.0,26.25,0.5,0.25
401752735,2025,7,Tennessee,Arkansas,-10.0,68.5,34,31,-6.5,35.5,17,17,-5.0,34.25,-1.5,1.25
401762482,2025,7,Florida Atlantic,UAB,-4.5,66.5,53,33,-3.5,33.5,35,14,-2.25,33.25,-1.25,0.25
401752737,2025,7,Texas A&M,Florida,-7.0,47.5,34,17,-3.5,23.5,21,14,-3.5,23.75,0.0,-0.25
401761623,2025,7,Coastal Carolina,UL Monroe,3.0,46.5,23,8,0.5,22.5,16,0,1.5,23.25,-1.0,-0.75
401752869,2025,7,Wisconsin,Iowa,5.5,37.5,0,37,3.5,17.5,0,23,2.75,18.75,0.75,-1.25
401762485,2025,7,UTSA,Rice,-8.5,48.5,61,13,-5.5,23.5,38,10,-4.25,24.25,-1.25,-0.75
401752864,2025,7,Minnesota,Purdue,-7.5,49.5,27,20,-4.5,24.5,13,17,-3.75,24.75,-0.75,-0.25
401754558,2025,7,Boston College,Clemson,14.0,54.5,10,41,7.5,27.5,10,34,7.0,27.25,0.5,0.25
401752868,2025,7,USC,Michigan,-3.0,58.5,31,13,-2.5,28.5,14,7,-1.5,29.25,-1.0,-0.75
401756921,2025,7,Texas Tech,Kansas,-13.5,58.5,42,17,-7.5,30.5,21,17,-6.75,29.25,-0.75,1.25
401752731,2025,7,Auburn,Georgia,4.5,45.5,10,20,3.5,22.5,10,3,2.25,22.75,1.25,-0.25
401752732,2025,7,LSU,South Carolina,-8.5,44.5,20,10,-4.5,22.5,10,7,-4.25,22.25,-0.25,0.25
401761627,2025,7,Texas State,Troy,-7.5,53.5,41,48,-4.5,26.5,31,17,-3.75,26.75,-0.75,-0.25
401756916,2025,7,Arizona,BYU,2.5,46.5,27,33,0.5,23.5,17,14,1.25,23.25,-0.75,0.25
401767133,2025,7,Weber State,Sacramento State,8.5,55.5,27,55,5.5,28.5,10,28,4.25,27.75,1.25,0.75
401760387,2025,7,Boise State,New Mexico,-14.5,58.5,41,25,-8.5,30.5,17,14,-7.25,29.25,-1.25,1.25
401756922,2025,7,Utah,Arizona State,-9.5,44.5,42,10,-5.5,21.5,21,3,-4.75,22.25,-0.75,-0.75
401760390,2025,7,Nevada,San Diego State,6.5,42.5,10,44,3.5,20.5,0,35,3.25,21.25,0.25,-0.75
401760389,2025,7,Hawai'i,Utah State,1.5,57.5,44,26,0.5,27.5,24,20,0.75,28.75,-0.25,-1.25
401757282,2025,8,Liberty,New Mexico State,-10.5,48.5,30,27,-6.5,23.5,20,6,-5.25,24.25,-1.25,-0.75
401761628,2025,8,South Alabama,Arkansas State,-8.5,57.5,14,15,-5.5,28.5,7,3,-4.25,28.75,-1.25,-0.25
401757281,2025,8,Western Kentucky,Florida International,-9.5,55.5,6,25,-6.5,27.5,6,19,-4.75,27.75,-1.75,-0.25
401757284,2025,8,Sam Houston,UTEP,3.5,46.5,17,35,1.5,22.5,10,14,1.75,23.25,-0.25,-0.75
401757283,2025,8,Jacksonville State,Delaware,3.0,55.5,38,25,2.5,28.5,21,6,1.5,27.75,1.0,0.75
401762486,2025,8,East Carolina,Tulsa,-16.5,54.5,41,27,-9.5,27.5,24,14,-8.25,27.25,-1.25,0.25
401754564,2025,8,Miami,Louisville,-10.5,49.5,21,24,-5.5,24.5,10,14,-5.25,24.75,-0.25,-0.25
401752872,2025,8,Minnesota,Nebraska,7.0,47.5,24,6,3.5,23.5,7,6,3.5,23.75,0.0,-0.25
401754371,2025,8,California,North Carolina,-7.5,45.5,21,18,-4.5,23.5,14,10,-3.75,22.75,-0.75,0.75
401754566,2025,8,Duke,Georgia Tech,-3.5,60.5,18,27,-2.5,30.5,7,7,-1.75,30.25,-0.75,0.25
401762839,2025,8,Bowling Green,Central Michigan,-3.0,43.5,6,27,-2.5,21.5,6,17,-1.5,21.75,-1.0,-0.25
401754569,2025,8,Boston College,UConn,2.5,58.5,23,38,0.5,28.5,20,17,1.25,29.25,-0.75,-0.75
401756927,2025,8,TCU,Baylor,-3.5,66.5,42,36,-2.5,33.5,21,10,-1.75,33.25,-0.75,0.25
401762488,2025,8,Tulane,Army,-10.0,44.5,24,17,-6.5,22.5,3,3,-5.0,22.25,-1.5,0.25
401762841,2025,8,Miami (OH),Eastern Michigan,-12.5,47.5,44,30,-7.5,23.5,21,14,-6.25,23.75,-1.25,-0.25
401752873,2025,8,Michigan,Washington,-4.5,50.5,24,7,-2.5,24.5,7,7,-2.25,25.25,-0.25,-0.75
401756925,2025,8,Houston,Arizona,1.5,47.5,31,28,0.5,23.5,21,14,0.75,23.75,-0.25,-0.25
401752745,2025,8,Vanderbilt,LSU,-1.5,48.5,31,24,-0.5,23.5,17,13,-0.75,24.25,0.25,-0.75
401752744,2025,8,South Carolina,Oklahoma,4.5,42.5,7,26,2.5,20.5,7,14,2.25,21.25,0.25,-0.75
401756928,2025,8,UCF,West Virginia,-6.5,46.5,45,13,-3.5,21.5,14,7,-3.25,23.25,-0.25,-1.75
401762842,2025,8,Toledo,Kent State,-25.5,48.5,45,10,-14.5,25.5,17,10,-12.75,24.25,-1.75,1.25
401761633,2025,8,UL Monroe,Troy,4.5,45.5,14,37,3.5,23.5,8,17,2.25,22.75,1.25,0.75
401752874,2025,8,Northwestern,Purdue,-3.0,47.5,19,0,-2.5,23.5,13,0,-1.5,23.75,-1.0,-0.25
401762838,2025,8,Ball State,Akron,2.5,44.5,42,28,0.5,20.5,14,15,1.25,22.25,-0.75,-1.75
401754565,2025,8,Clemson,SMU,-3.5,49.5,24,35,-2.5,24.5,7,16,-1.75,24.75,-0.75,-0.25
401752877,2025,8,Wisconsin,Ohio State,24.5,41.5,0,34,14.5,22.5,0,17,12.25,20.75,2.25,1.75
401760392,2025,8,Air Force,Wyoming,-4.0,56.5,24,21,-2.5,28.5,6,7,-2.0,28.25,-0.5,0.25
401752742,2025,8,Georgia,Ole Miss,-7.5,56.5,43,35,-4.5,27.5,20,21,-3.75,28.25,-0.75,-0.75
401762489,2025,8,Charlotte,Temple,10.0,47.5,14,49,6.5,23.5,7,28,5.0,23.75,1.5,-0.25
401761632,2025,8,Marshall,Texas State,3.0,65.5,40,37,0.5,33.5,13,17,1.5,32.75,-1.0,0.75
401752878,2025,8,Indiana,Michigan State,-26.5,49.5,38,13,-14.5,26.5,21,10,-13.25,24.75,-1.25,1.75
401762491,2025,8,North Texas,UTSA,-4.0,64.5,55,17,-2.5,31.5,24,14,-2.0,32.25,-0.5,-0.75
401761631,2025,8,James Madison,Old Dominion,-3.0,47.5,63,27,-1.5,23.5,28,27,-1.5,23.75,0.0,-0.25
401762843,2025,8,Ohio,Northern Illinois,-10.5,41.5,48,21,-6.5,20.5,21,8,-5.25,20.75,-1.25,-0.25
401760393,2025,8,Boise State,UNLV,-12.5,60.5,56,31,-7.5,30.5,28,24,-6.25,30.25,-1.25,0.25
401756923,2025,8,Arizona State,Texas Tech,7.5,52.5,26,22,3.5,25.5,9,7,3.75,26.25,-0.25,-0.75
401762487,2025,8,UAB,Memphis,23.5,59.5,31,24,13.5,31.5,17,14,11.75,29.75,1.75,1.75
401752741,2025,8,Florida,Mississippi State,-9.5,50.5,23,21,-5.5,25.5,13,7,-4.75,25.25,-0.75,0.25
401761668,2025,8,Louisiana,Southern Miss,4.5,54.5,10,22,2.5,27.5,7,13,2.25,27.25,0.25,0.25
401752739,2025,8,Arkansas,Texas A&M,7.5,57.5,42,45,4.5,28.5,20,21,3.75,28.75,0.75,-0.25
401752876,2025,8,Rutgers,Oregon,17.5,62.5,10,56,10.5,31.5,3,42,8.75,31.25,1.75,0.25
401752951,2025,8,Virginia,Washington State,-16.5,56.5,22,20,-9.5,28.5,7,17,-8.25,28.25,-1.25,0.25
401752879,2025,8,UCLA,Maryland,-3.5,52.5,20,17,-2.5,26.5,7,3,-1.75,26.25,-0.75,0.25
401761630,2025,8,Georgia Southern,Georgia State,-6.5,58.5,41,24,-3.5,29.5,13,17,-3.25,29.25,-0.25,0.25
401752743,2025,8,Kentucky,Texas,12.5,45.5,13,16,6.5,22.5,0,7,6.25,22.75,0.25,-0.25
401752875,2025,8,Iowa,Penn State,-3.5,41.5,25,24,-2.5,20.5,10,14,-1.75,20.75,-0.75,-0.25
401760394,2025,8,Colorado State,Hawai'i,-2.5,53.5,19,31,-0.5,26.5,7,14,-1.25,26.75,0.75,-0.25
401762490,2025,8,South Florida,Florida Atlantic,-20.5,72.5,48,13,-11.5,37.5,21,6,-10.25,36.25,-1.25,1.25
401752871,2025,8,Notre Dame,USC,-10.5,60.5,34,24,-6.5,30.5,14,13,-5.25,30.25,-1.25,0.25
401752738,2025,8,Alabama,Tennessee,-8.5,60.5,37,20,-5.5,30.5,23,7,-4.25,30.25,-1.25,0.25
401754568,2025,8,Syracuse,Pittsburgh,9.5,54.5,13,30,5.5,27.5,7,17,4.75,27.25,0.75,0.25
401756924,2025,8,BYU,Utah,4.0,49.5,24,21,2.5,24.5,10,7,2.0,24.75,0.5,-0.25
401756926,2025,8,Oklahoma State,Cincinnati,23.5,57.5,17,49,13.5,30.5,10,28,11.75,28.75,1.75,1.75
401760395,2025,8,New Mexico,Nevada,-14.0,49.5,24,22,-7.5,24.5,14,12,-7.0,24.75,-0.5,-0.25
401752941,2025,8,Oregon State,Lafayette,-21.0,56.5,45,13,-11.5,28.5,10,13,-10.5,28.25,-1.0,0.25
401754567,2025,8,Stanford,Florida State,17.5,55.5,20,13,9.5,27.5,13,10,8.75,27.75,0.75,-0.25
401757285,2025,9,Florida International,Kennesaw State,3.0,48.5,26,45,2.5,24.5,14,24,1.5,24.25,1.0,0.25
401757286,2025,9,Louisiana Tech,Western Kentucky,-5.5,49.5,27,28,-3.5,24.5,7,20,-2.75,24.75,-0.75,-0.25
401757287,2025,9,Delaware,Middle Tennessee,-9.5,55.5,31,28,-5.5,27.5,24,14,-4.75,27.75,-0.75,-0.25
401757288,2025,9,New Mexico State,Missouri State,2.5,51.5,17,24,1.5,24.5,7,7,1.25,25.75,0.25,-1.25
401761634,2025,9,Georgia State,South Alabama,5.5,54.5,31,38,3.5,26.5,14,28,2.75,27.25,0.75,-0.75
401762492,2025,9,Charlotte,North Texas,25.5,60.5,20,54,14.5,32.5,17,17,12.75,30.25,1.75,2.25
401754372,2025,9,Virginia Tech,California,-6.5,50.5,42,34,-3.5,25.5,10,20,-3.25,25.25,-0.25,0.25
401760397,2025,9,Nevada,Boise State,20.5,51.5,3,24,11.5,27.5,3,10,10.25,25.75,1.25,1.75
401767101,2025,9,Sacramento State,Montana,6.0,61.5,35,49,3.5,31.5,21,28,3.0,30.75,0.5,0.75
401752750,2025,9,Oklahoma,Ole Miss,-5.5,52.5,26,34,-2.5,26.5,10,22,-2.75,26.25,0.25,0.25
401754571,2025,9,Georgia Tech,Syracuse,-17.5,53.5,41,16,-10.5,26.5,20,3,-8.75,26.75,-1.75,-0.25
401754573,2025,9,North Carolina,Virginia,12.5,51.5,16,17,6.5,24.5,10,10,6.25,25.75,0.25,-1.25
401752883,2025,9,Nebraska,Northwestern,-7.5,44.5,28,21,-4.5,22.5,7,6,-3.75,22.25,-0.75,0.25
401752885,2025,9,Indiana,UCLA,-26.5,53.5,56,6,-15.5,28.5,35,3,-13.25,26.75,-2.25,1.75
401762848,2025,9,Eastern Michigan,Ohio,11.5,60.5,21,28,6.5,30.5,14,7,5.75,30.25,0.75,0.25
401752942,2025,9,Wake Forest,SMU,5.5,52.5,13,12,2.5,26.5,10,6,2.75,26.25,-0.25,0.25
401752884,2025,9,Purdue,Rutgers,-2.5,60.5,24,27,-1.5,30.5,10,7,-1.25,30.25,-0.25,0.25
401756932,2025,9,Kansas,Kansas State,-3.5,55.5,17,42,-2.5,27.5,14,21,-1.75,27.75,-0.75,-0.25
401762494,2025,9,Memphis,South Florida,3.5,58.5,34,31,1.5,30.5,14,24,1.75,29.25,-0.25,1.25
401762846,2025,9,Kent State,Bowling Green,7.5,47.5,24,21,3.5,23.5,3,14,3.75,23.75,-0.25,-0.25
401752746,2025,9,Arkansas,Auburn,-2.5,55.5,24,33,-0.5,27.5,21,10,-1.25,27.75,0.75,-0.25
401762844,2025,9,Buffalo,Akron,-10.0,48.5,16,24,-6.5,24.5,10,3,-5.0,24.25,-1.5,0.25
401757172,2025,9,Rice,UConn,10.5,48.5,37,34,5.5,23.5,17,21,5.25,24.25,0.25,-0.75
401760400,2025,9,New Mexico,Utah State,-3.0,61.5,33,14,-1.5,30.5,26,7,-1.5,30.75,0.0,-0.25
401752880,2025,9,Washington,Illinois,-3.5,54.5,42,25,-2.5,26.5,21,17,-1.75,27.25,-0.75,-0.75
401761637,2025,9,Southern Miss,UL Monroe,-14.0,48.5,49,21,-7.5,24.5,21,14,-7.0,24.25,-0.5,0.25
401756931,2025,9,Iowa State,BYU,-2.5,48.5,27,41,-1.5,23.5,24,17,-1.25,24.25,-0.25,-0.75
401752752,2025,9,Vanderbilt,Missouri,-3.0,52.5,17,10,-2.5,24.5,3,3,-1.5,26.25,-1.0,-1.75
401762493,2025,9,Navy,Florida Atlantic,-14.5,63.5,42,32,-7.5,31.5,21,13,-7.25,31.75,-0.25,-0.25
401752751,2025,9,South Carolina,Alabama,11.5,47.5,22,29,6.5,23.5,6,14,5.75,23.75,0.75,-0.25
401762845,2025,9,Northern Illinois,Ball State,-6.5,41.5,21,7,-3.5,20.5,7,7,-3.25,20.75,-0.25,-0.25
401762874,2025,9,Miami (OH),Western Michigan,-2.5,40.5,26,17,-1.5,19.5,9,14,-1.25,20.25,-0.25,-0.75
401760399,2025,9,Fresno State,San Diego State,3.0,46.5,0,23,1.5,23.5,0,13,1.5,23.25,0.0,0.25
401752952,2025,9,Washington State,Toledo,1.5,44.5,28,7,0.5,22.5,21,7,0.75,22.25,-0.25,0.25
401762495,2025,9,Tulsa,Temple,4.5,52.5,37,38,2.5,26.5,17,14,2.25,26.25,0.25,0.25
401752882,2025,9,Iowa,Minnesota,-7.5,39.5,41,3,-3.5,19.5,31,0,-3.75,19.75,0.25,-0.25
401756933,2025,9,Texas Tech,Oklahoma State,-37.5,56.5,42,0,-23.5,31.5,28,0,-18.75,28.25,-4.75,3.25
401756930,2025,9,Cincinnati,Baylor,-3.5,68.5,41,20,-2.5,34.5,24,6,-1.75,34.25,-0.75,0.25
401752749,2025,9,Mississippi State,Texas,8.5,48.5,38,45,4.5,23.5,24,14,4.25,24.25,0.25,-0.75
401756935,2025,9,West Virginia,TCU,16.5,55.5,17,23,9.5,28.5,7,20,8.25,27.75,1.25,0.75
401752886,2025,9,Oregon,Wisconsin,-31.5,44.5,21,7,-19.5,24.5,7,0,-15.75,22.25,-3.75,2.25
401761636,2025,9,Arkansas State,Georgia Southern,1.5,59.5,34,24,0.5,29.5,17,21,0.75,29.75,-0.25,-0.25
401761638,2025,9,Troy,Louisiana,-7.0,47.5,35,23,-4.5,23.5,21,17,-3.5,23.75,-1.0,-0.25
401754572,2025,9,Miami,Stanford,-28.5,45.5,42,7,-16.5,24.5,7,7,-14.25,22.75,-2.25,1.75
401752881,2025,9,Michigan State,Michigan,13.5,47.5,20,31,7.5,24.5,7,10,6.75,23.75,0.75,0.75
401752748,2025,9,LSU,Texas A&M,1.5,50.5,25,49,0.5,23.5,18,14,0.75,25.25,-0.25,-1.75
401754570,2025,9,Louisville,Boston College,-25.5,54.5,38,24,-14.5,28.5,21,10,-12.75,27.25,-1.75,1.25
401760398,2025,9,Wyoming,Colorado State,-5.5,46.5,28,0,-3.5,22.5,21,0,-2.75,23.25,-0.75,-0.75
401752747,2025,9,Kentucky,Tennessee,7.5,55.5,34,56,4.5,27.5,21,35,3.75,27.75,0.75,-0.25
401756929,2025,9,Arizona State,Houston,-7.0,46.5,16,24,-3.5,23.5,0,10,-3.5,23.25,0.0,0.25
401756934,2025,9,Utah,Colorado,-14.5,50.5,53,7,-7.5,24.5,43,0,-7.25,25.25,-0.25,-0.75
