game_id,half_spread,half_total
401756846,-1.5,24.5
401760371,-17.5,37.5
401756847,-7.5,25.5
401757218,-6.5,30.5
401754516,-0.5,24.5
401762522,2.5,30.5
401752794,-8.5,26.5
401762790,-10.5,27.5
401762789,3.5,24.5
401757219,-17.5,29.5
401754373,-7.5,30.5
401756848,-11.5,27.5
401761588,-18.5,26.5
401756876,-14.5,31.5
401754517,-20.5,28.5
401752674,-20.5,29.5
401756852,-14.5,30.5
401752793,-9.5,22.5
401762430,-13.5,30.5
401752796,3.5,24.5
401762791,-10.5,20.5
401760357,-12.5,29.5
401762432,-8.5,25.5
401754374,-10.5,26.5
401761589,2.5,23.5
401766898,-16.5,30.5
401752802,-12.5,26.5
401756854,-26.5,32.5
401752795,-27.5,36.5
401754375,2.5,23.5
401752667,0.5,28.5
401757224,5.5,30.5
401760358,-7.5,26.5
401752797,-7.5,30.5
401762792,-3.5,27.5
401752677,-0.5,22.5
401752801,-9.5,24.5
401754520,-21.5,32.5
401752676,-7.5,26.5
401752803,-3.5,22.5
401762434,-24.5,30.5
401752673,7.5,30.5
401752670,-5.5,24.5
401754518,-20.5,30.5
401756878,-23.5,30.5
401757167,-16.5,28.5
401752806,-13.5,27.5
401754519,-23.5,33.5
401762793,-7.5,26.5
401752807,-26.5,31.5
401756853,-10.5,26.5
401760359,-17.5,30.5
401752669,-23.5,29.5
401762456,0.5,23.5
401752665,7.5,23.5
401757220,-16.5,28.5
401752804,-17.5,30.5
401752666,-26.5,35.5
401762433,-16.5,30.5
401752675,-22.5,34.5
401754616,-7.5,27.5
401752799,-22.5,27.5
401761590,-16.5,30.5
401752679,-21.5,27.5
401761591,-9.5,33.5
401752668,-25.5,31.5
401757226,-16.5,33.5
401752678,-13.5,30.5
401761593,-17.5,29.5
401756855,-16.5,30.5
401757222,-9.5,29.5
401761595,-13.5,27.5
401752671,-2.5,27.5
401752798,-22.5,33.5
401752808,-20.5,27.5
401756877,-36.5,40.5
401757221,-10.5,27.5
401757225,-3.5,29.5
401752672,-21.5,34.5
401761592,-5.5,23.5
401761594,-7.5,28.5
401762457,-3.5,32.5
401756851,-24.5,33.5
401762435,-16.5,34.5
401754521,-27.5,35.5
401757223,-11.5,29.5
401760361,-0.5,24.5
401756850,-17.5,29.5
401752947,-10.5,27.5
401756849,-8.5,27.5
401752936,0.5,23.5
401752800,3.5,24.5
401752805,-13.5,27.5
401752680,-3.5,24.5
401754522,1.5,23.5
401754523,2.5,26.5
401757289,-7.5,27.5
401761639,3.5,27.5
401757292,2.5,27.5
401757291,-1.5,24.5
401762443,3.5,27.5
401761640,3.5,27.5
401762497,7.5,24.5
401754575,-0.5,21.5
401757290,-9.5,24.5
401752889,-10.5,23.5
401762849,-0.5,21.5
401760401,-0.5,23.5
401754577,-2.5,27.5
401752758,-2.5,23.5
401754581,4.5,24.5
401757173,-6.5,31.5
401762499,-3.5,34.5
401752891,-7.5,32.5
401756938,-7.5,24.5
401756936,-2.5,28.5
401756939,-5.5,23.5
401762498,2.5,28.5
401754580,5.5,26.5
401760404,-2.5,30.5
401752755,3.5,24.5
401761641,9.5,27.5
401752887,11.5,27.5
401754582,7.5,26.5
401754583,17.5,30.5
401760402,-9.5,24.5
401756941,3.5,26.5
401757293,-2.5,26.5
401761642,-2.5,26.5
401752888,-2.5,22.5
401757294,-4.5,26.5
401754576,3.5,25.5
401762850,-3.5,20.5
401752753,-3.5,33.5
401773349,-14.5,28.5
401752756,-7.5,27.5
401752890,-11.5,26.5
401756937,2.5,25.5
401760405,-5.5,21.5
401752892,2.5,29.5
401752943,1.5,23.5
401752757,-1.5,27.5
401754578,-6.5,24.5
401754579,2.5,29.5
401752754,-6.5,22.5
401761643,-5.5,26.5
401756942,-6.5,28.5
401760403,-0.5,27.5
401762851,-7.5,25.5
401762852,-1.5,24.5
401762853,-2.5,23.5
401762854,-7.5,21.5
401761644,-3.5,30.5
401762500,-7.5,34.5
401756946,-1.5,23.5
401762501,-2.5,26.5
401752896,-7.5,27.5
401752893,7.5,26.5
401756947,-3.5,26.5
401761647,3.5,27.5
401762503,-3.5,21.5
401756945,-7.5,24.5
401754584,6.5,27.5
401761646,7.5,27.5
401752762,5.5,28.5
401757299,-4.5,26.5
401752761,-28.5,35.5
401762855,-1.5,23.5
401752897,17.5,27.5
401762502,0.5,24.5
401752894,-0.5,28.5
401757296,-0.5,24.5
401762504,-16.5,30.5
401762505,-2.5,30.5
401757295,3.5,27.5
401757297,0.5,23.5
401756943,-3.5,27.5
401754590,4.5,31.5
401752898,2.5,20.5
401756944,-4.5,29.5
401754587,-17.5,26.5
401752763,3.5,24.5
401757298,6.5,26.5
401752764,-3.5,22.5
401761645,-4.5,28.5
401752899,6.5,22.5
401754588,-4.5,20.5
401761648,2.5,31.5
401760406,-3.5,33.5
401754585,-10.5,25.5
401754586,-0.5,27.5
401754589,-3.5,23.5
401752760,3.5,21.5
401760409,-6.5,26.5
401752759,-6.5,24.5
401757166,-17.5,30.5
401752895,-0.5,22.5
401760407,3.5,30.5
401752944,-10.5,27.5
401760408,3.5,23.5
401762856,-4.5,24.5
401762857,-0.5,22.5
401762858,-0.5,21.5
401762860,3.5,21.5
401762859,5.5,21.5
401761649,-6.5,26.5
401754591,-0.5,24.5
401752904,-15.5,24.5
401757174,-4.5,31.5
401762507,10.5,30.5
401756952,11.5,26.5
401752772,-9.5,25.5
401762510,5.5,31.5
401752905,5.5,20.5
401752901,-16.5,24.5
401754597,7.5,28.5
401762861,0.5,23.5
401756951,-3.5,28.5
401752768,-2.5,28.5
401752945,0.5,24.5
401756948,-6.5,23.5
401752767,-13.5,27.5
401761651,5.5,29.5
401762506,9.5,35.5
401760411,-8.5,27.5
401757304,-3.5,23.5
401752903,3.5,24.5
401754593,-3.5,30.5
401761653,2.5,24.5
401752907,-3.5,23.5
401752765,-3.5,22.5
401752906,-8.5,26.5
401756953,-13.5,25.5
401760413,5.5,24.5
401757303,-7.5,26.5
401754595,-8.5,27.5
401761652,-11.5,27.5
401754592,9.5,30.5
401761654,-2.5,32.5
401762509,-9.5,30.5
401762508,-1.5,28.5
401752771,-26.5,34.5
401754596,-2.5,17.5
401757301,0.5,24.5
401761650,-2.5,30.5
401760414,-3.5,34.5
401752902,-8.5,25.5
401752769,-6.5,27.5
401756949,5.5,30.5
401757300,6.5,28.5
401752766,-1.5,24.5
401752900,-20.5,26.5
401754594,-7.5,27.5
401752770,-3.5,24.5
401757302,2.5,27.5
401752953,-6.5,21.5
401756950,-1.5,26.5
401760412,-1.5,19.5
401760410,-0.5,20.5
401762864,3.5,19.5
401762862,-0.5,23.5
401762863,-20.5,29.5
401762865,0.5,19.5
401762866,4.5,24.5
401761655,-1.5,26.5
401754598,3.5,29.5
401760418,-1.5,31.5
401752909,-2.5,19.5
401756958,-2.5,27.5
401752778,-3.5,20.5
401754606,-9.5,26.5
401752781,-28.5,33.5
401752912,-17.5,29.5
401754602,-2.5,23.5
401754603,9.5,25.5
401762512,-5.5,21.5
401752776,-26.5,31.5
401752954,-8.5,22.5
401756954,-3.5,30.5
401761657,6.5,31.5
401752774,-14.5,27.5
401760419,-3.5,20.5
401752773,-27.5,30.5
401762867,-16.5,24.5
401757306,-3.5,27.5
401761656,2.5,27.5
401757307,0.5,22.5
401757175,3.5,31.5
401762511,11.5,35.5
401757308,-3.5,26.5
401757309,-2.5,21.5
401752782,-4.5,27.5
401762513,0.5,31.5
401752913,-10.5,21.5
401752911,-6.5,30.5
401754600,3.5,25.5
401752780,-4.5,28.5
401754604,-22.5,28.5
401761658,0.5,26.5
401762515,3.5,27.5
401761660,-6.5,25.5
401756960,-9.5,27.5
401756959,-7.5,23.5
401756957,0.5,27.5
401752914,7.5,23.5
401752779,-13.5,26.5
401754605,-21.5,30.5
401761659,-11.5,30.5
401754601,-1.5,30.5
401760416,-9.5,23.5
401760415,2.5,26.5
401752908,-4.5,22.5
401752775,2.5,28.5
401752915,4.5,21.5
401754599,2.5,23.5
401762514,10.5,30.5
401752777,-13.5,27.5
401756956,3.5,23.5
401756955,0.5,27.5
401752910,6.5,26.5
401760417,-0.5,24.5
401760420,-6.5,26.5
401762868,7.5,22.5
401762869,5.5,24.5
401762516,-2.5,28.5
401762871,-2.5,21.5
401752916,3.5,19.5
401756964,6.5,30.5
401762870,3.5,21.5
401752788,4.5,30.5
401760421,0.5,23.5
401752786,9.5,30.5
401762442,-11.5,33.5
401760426,0.5,20.5
401760422,0.5,27.5
401752924,16.5,28.5
401752792,0.5,26.5
401756961,0.5,23.5
401762875,-9.5,20.5
401752921,5.5,21.5
401756966,7.5,23.5
401752790,-0.5,22.5
401756965,-9.5,26.5
401752787,0.5,22.5
401754611,3.5,24.5
401756962,-0.5,28.5
401756968,13.5,28.5
401762872,6.5,23.5
401762519,3.5,34.5
401757311,6.5,25.5
401756963,-9.5,23.5
401757310,-2.5,27.5
401761663,-6.5,31.5
401757314,-1.5,22.5
401757312,0.5,27.5
401761664,-17.5,31.5
401761661,-0.5,27.5
401761665,-6.5,23.5
401754608,1.5,26.5
401757315,-2.5,26.5
401762517,-5.5,27.5
401761667,-6.5,31.5
401762441,-4.5,24.5
401756967,-1.5,29.5
401757313,1.5,27.5
401752918,0.5,18.5
401752920,7.5,28.5
401761666,-3.5,24.5
401752791,-0.5,32.5
401754610,-0.5,27.5
401752783,2.5,27.5
401752789,-6.5,17.5
401761662,13.5,28.5
401752785,-0.5,24.5
401752923,-2.5,23.5
401754613,-5.5,26.5
401762520,-16.5,30.5
401752922,-3.5,21.5
401752784,3.5,23.5
401754612,-4.5,23.5
401752919,-12.5,30.5
401762518,-17.5,28.5
401754609,7.5,27.5
401760425,4.5,26.5
401760423,1.5,22.5
401754614,18.5,27.5
401760424,-5.5,22.5
401777329,-0.5,20.5
401777351,0.5,23.5
401777353,-2.5,22.5
401777328,-2.5,28.5
401754528,-9.5,27.5
401752817,-17.5,27.5
401752826,-9.5,22.5
401760363,-18.5,31.5
401757227,3.5,24.5
401752825,0.5,23.5
401752812,-21.5,28.5
401754529,-13.5,24.5
401752822,-1.5,20.5
401754621,-26.5,32.5
401756885,-28.5,35.5
401752811,-26.5,30.5
401752813,-24.5,29.5
401752693,-21.5,28.5
401754524,-1.5,26.5
401754618,-3.5,27.5
401752694,-20.5,30.5
401762462,-14.5,24.5
401754620,-11.5,34.5
401752685,-26.5,31.5
401760366,-9.5,31.5
401756881,-13.5,26.5
401752692,-22.5,30.5
401752937,-0.5,21.5
401761603,-2.5,33.5
401752824,-17.5,29.5
401752818,-7.5,22.5
401762458,-11.5,30.5
401756880,-12.5,23.5
401752686,5.5,24.5
401754622,-20.5,32.5
401754637,-18.5,27.5
401762461,6.5,28.5
401752815,-30.5,35.5
401762794,-21.5,27.5
401752689,-3.5,24.5
401762816,-9.5,27.5
401761596,-18.5,30.5
401752820,-16.5,24.5
401756883,2.5,28.5
401760367,-7.5,23.5
401752684,-10.5,30.5
401760365,-4.5,27.5
401761602,-9.5,29.5
401752682,-13.5,32.5
401762459,-17.5,30.5
401761599,-12.5,25.5
401756887,-24.5,30.5
401762460,-12.5,26.5
401757228,-4.5,27.5
401754530,-25.5,30.5
401760364,-20.5,30.5
401754641,-31.5,36.5
401757232,-4.5,28.5
401761598,7.5,28.5
401756882,-9.5,24.5
401761601,7.5,26.5
401756886,-21.5,28.5
401762795,-12.5,28.5
401756884,7.5,19.5
401752819,-11.5,27.5
401752690,-2.5,20.5
401752810,-20.5,26.5
401754527,7.5,24.5
401752695,-0.5,21.5
401752816,-2.5,22.5
401752683,-26.5,30.5
401752814,-17.5,33.5
401752687,-21.5,27.5
401761597,-16.5,27.5
401752688,3.5,29.5
401752681,-20.5,27.5
401761600,-11.5,27.5
401752823,0.5,27.5
401757231,-4.5,25.5
401757229,2.5,25.5
401752691,-25.5,29.5
401756879,-18.5,30.5
401752948,-0.5,23.5
401754526,-11.5,23.5
401752821,-17.5,28.5
401757230,-3.5,23.5
401754531,4.5,26.5
401752836,-27.5,34.5
401754532,-21.5,35.5
401756893,-2.5,22.5
401756888,0.5,27.5
401752837,-8.5,27.5
401754623,0.5,25.5
401762817,13.5,25.5
401752696,-10.5,22.5
401752839,-16.5,23.5
401761608,3.5,26.5
401754619,-17.5,27.5
401752828,-28.5,33.5
401752831,14.5,26.5
401752838,-17.5,29.5
401752703,13.5,27.5
401756891,-29.5,36.5
401752697,-14.5,30.5
401752702,-15.5,24.5
401762818,-1.5,24.5
401757168,4.5,26.5
401752834,-13.5,30.5
401762819,-20.5,30.5
401756892,-28.5,31.5
401752938,-14.5,33.5
401762467,-11.5,32.5
401752835,-28.5,31.5
401752832,11.5,30.5
401754615,16.5,32.5
401754639,-14.5,24.5
401752705,2.5,23.5
401752949,-3.5,28.5
401752833,-25.5,31.5
401754638,3.5,27.5
401756890,12.5,29.5
401752706,-23.5,29.5
401754535,-10.5,28.5
401757256,3.5,24.5
401757258,-5.5,24.5
401761606,-8.5,27.5
401752701,-24.5,31.5
401757235,-9.5,23.5
401762464,-2.5,33.5
401757233,-1.5,28.5
401752700,-2.5,30.5
401761607,1.5,27.5
401752829,-16.5,27.5
401752827,-17.5,27.5
401754536,-3.5,25.5
401757234,-2.5,28.5
401761605,-18.5,34.5
401762466,-17.5,27.5
401757257,-5.5,21.5
401752830,-20.5,24.5
401761604,4.5,28.5
401752698,-14.5,25.5
401752707,-3.5,24.5
401752699,-3.5,23.5
401752704,-1.5,24.5
401762465,7.5,26.5
401756894,-24.5,34.5
401754534,-0.5,26.5
401756895,13.5,24.5
401762463,-6.5,29.5
401760368,2.5,24.5
401760369,-21.5,29.5
401754533,7.5,23.5
401752840,0.5,20.5
401756889,-10.5,31.5
401760370,-21.5,30.5
401762468,0.5,20.5
401756900,-5.5,27.5
401752844,0.5,23.5
401754617,-20.5,28.5
401760376,0.5,24.5
401756901,-2.5,28.5
401762469,1.5,24.5
401754642,-14.5,27.5
401754537,-9.5,27.5
401752708,3.5,29.5
401762470,-20.5,31.5
401752845,-6.5,22.5
401754636,-3.5,32.5
401752715,-24.5,38.5
401762822,-16.5,24.5
401752841,-21.5,32.5
401762823,-17.5,31.5
401754640,-3.5,23.5
401752711,-6.5,31.5
401752846,0.5,23.5
401762820,7.5,24.5
401757169,-11.5,27.5
401752714,-3.5,23.5
401761613,-3.5,21.5
401757262,4.5,23.5
401752848,-14.5,27.5
401754541,-27.5,32.5
401761610,0.5,24.5
401754538,-1.5,27.5
401752712,-14.5,25.5
401754542,-13.5,28.5
401760375,-7.5,26.5
401762821,-6.5,24.5
401756899,-6.5,27.5
401757261,2.5,28.5
401757259,-2.5,27.5
401757265,-9.5,30.5
401760372,6.5,25.5
401761609,-13.5,31.5
401757268,-4.5,27.5
401757264,1.5,22.5
401761611,-8.5,26.5
401757260,-21.5,33.5
401752713,-6.5,24.5
401752716,-16.5,28.5
401752843,-3.5,25.5
401756898,3.5,24.5
401757263,-2.5,25.5
401754539,-9.5,24.5
401752842,11.5,27.5
401756896,-0.5,30.5
401752709,-4.5,24.5
401752710,-28.5,34.5
401761612,-18.5,31.5
401752723,-24.5,29.5
401760377,-14.5,34.5
401757267,-3.5,23.5
401760373,3.5,29.5
401756897,-6.5,23.5
401754540,7.5,23.5
401752847,-10.5,28.5
401760374,0.5,23.5
401762471,-2.5,26.5
401754543,3.5,30.5
401756902,-1.5,27.5
401752939,7.5,23.5
401752849,-2.5,25.5
401754547,1.5,27.5
401761617,-6.5,32.5
401752717,3.5,31.5
401756906,-3.5,24.5
401752850,3.5,31.5
401756905,-3.5,28.5
401762825,-4.5,24.5
401754546,7.5,27.5
401754545,2.5,29.5
401752725,-13.5,30.5
401762826,-2.5,27.5
401761614,-7.5,27.5
401761616,-0.5,27.5
401756908,6.5,22.5
401760380,0.5,20.5
401752852,4.5,26.5
401752724,-3.5,25.5
401752853,3.5,23.5
401752719,-2.5,29.5
401757170,1.5,24.5
401756907,11.5,30.5
401762473,-7.5,23.5
401754544,-3.5,26.5
401752851,-3.5,22.5
401762824,-12.5,26.5
401760378,-3.5,26.5
401762474,7.5,27.5
401757274,-8.5,27.5
401752720,4.5,31.5
401757270,-3.5,26.5
401757271,-9.5,27.5
401757273,2.5,29.5
401754548,-5.5,29.5
401762472,7.5,31.5
401756904,-2.5,23.5
401757269,-3.5,27.5
401754549,-1.5,23.5
401760379,-9.5,30.5
401752950,-3.5,23.5
401752854,-2.5,26.5
401752718,-0.5,26.5
401752721,-27.5,33.5
401752722,-2.5,23.5
401761615,-0.5,23.5
401757272,2.5,23.5
401756903,3.5,24.5
401757275,0.5,26.5
401757276,-0.5,29.5
401762475,-16.5,30.5
401760384,-0.5,28.5
401756909,-10.5,23.5
401760382,-2.5,20.5
401752728,-11.5,25.5
401756912,-0.5,26.5
401756911,-2.5,30.5
401762476,3.5,27.5
401752861,4.5,27.5
401760381,-7.5,26.5
401752856,-9.5,21.5
401762830,7.5,26.5
401754552,8.5,23.5
401754550,-3.5,27.5
401762479,3.5,29.5
401754556,-3.5,25.5
401754557,-24.5,34.5
401762832,6.5,23.5
401756910,-11.5,29.5
401752727,3.5,20.5
401752857,2.5,25.5
401762873,2.5,20.5
401761618,10.5,27.5
401762831,-5.5,26.5
401754555,-10.5,29.5
401762829,3.5,23.5
401752858,-6.5,21.5
401752726,-6.5,28.5
401754554,-3.5,30.5
401752855,14.5,26.5
401752940,-0.5,26.5
401757165,-12.5,33.5
401757171,-4.5,26.5
401752860,-6.5,23.5
401752729,-28.5,31.5
401761620,7.5,31.5
401761619,-10.5,28.5
401760385,2.5,24.5
401762477,-2.5,27.5
401756913,7.5,26.5
401761621,0.5,22.5
401752730,-9.5,29.5
401752859,-13.5,23.5
401756915,3.5,26.5
401756914,-7.5,28.5
401754553,2.5,27.5
401762478,-12.5,28.5
401760383,-7.5,23.5
401754551,1.5,27.5
401757278,0.5,24.5
401757277,0.5,22.5
401757280,2.5,23.5
401762480,-3.5,26.5
401761622,0.5,30.5
401757279,3.5,27.5
401762481,-0.5,34.5
401752862,-6.5,30.5
401760388,3.5,23.5
401762833,6.5,23.5
401752863,-4.5,26.5
401762483,-9.5,23.5
401754561,-10.5,28.5
401754559,-6.5,28.5
401756917,-6.5,27.5
401761625,-10.5,23.5
401762835,6.5,23.5
401756920,7.5,24.5
401752865,7.5,26.5
401752734,2.5,26.5
401752733,-20.5,31.5
401762836,0.5,23.5
401762837,-0.5,24.5
401752870,-3.5,26.5
401752866,-11.5,24.5
401752867,3.5,23.5
401756918,1.5,24.5
401762834,-5.5,21.5
401756919,1.5,27.5
401761624,1.5,27.5
401767511,-10.5,30.5
401754563,0.5,23.5
401752736,-0.5,21.5
401761626,7.5,29.5
401754560,-7.5,28.5
401760386,-4.5,33.5
401754562,-14.5,31.5
401762484,5.5,26.5
401752735,-6.5,35.5
401762482,-3.5,33.5
401760391,0.5,24.5
401752737,-3.5,23.5
401761623,0.5,22.5
401752869,3.5,17.5
401762485,-5.5,23.5
401752864,-4.5,24.5
401754558,7.5,27.5
401752868,-2.5,28.5
401756921,-7.5,30.5
401752731,3.5,22.5
401752732,-4.5,22.5
401761627,-4.5,26.5
401756916,0.5,23.5
401767133,5.5,28.5
401760387,-8.5,30.5
401756922,-5.5,21.5
401760390,3.5,20.5
401760389,0.5,27.5
401757282,-6.5,23.5
401761628,-5.5,28.5
401757281,-6.5,27.5
401757284,1.5,22.5
401757283,2.5,28.5
401762486,-9.5,27.5
401754564,-5.5,24.5
401752872,3.5,23.5
401760396,-1.5,31.5
401754371,-4.5,23.5
401754566,-2.5,30.5
401762839,-2.5,21.5
401754569,0.5,28.5
401756927,-2.5,33.5
401762488,-6.5,22.5
401762841,-7.5,23.5
401752873,-2.5,24.5
401756925,0.5,23.5
401752745,-0.5,23.5
401752744,2.5,20.5
401756928,-3.5,21.5
401762842,-14.5,25.5
401762840,9.5,23.5
401761633,3.5,23.5
401752874,-2.5,23.5
401762838,0.5,20.5
401754565,-2.5,24.5
401752877,14.5,22.5
401760392,-2.5,28.5
401752742,-4.5,27.5
401762489,6.5,23.5
401761632,0.5,33.5
401761629,-6.5,23.5
401752878,-14.5,26.5
401762491,-2.5,31.5
401761631,-1.5,23.5
401762843,-6.5,20.5
401760393,-7.5,30.5
401756923,3.5,25.5
401762487,13.5,31.5
401752741,-5.5,25.5
401761668,2.5,27.5
401752739,4.5,28.5
401752876,10.5,31.5
401752951,-9.5,28.5
401752879,-2.5,26.5
401761630,-3.5,29.5
401752743,6.5,22.5
401752875,-2.5,20.5
401760394,-0.5,26.5
401762490,-11.5,37.5
401752871,-6.5,30.5
401752738,-5.5,30.5
401754568,5.5,27.5
401756924,2.5,24.5
401756926,13.5,30.5
401760395,-7.5,24.5
401752941,-11.5,28.5
401754567,9.5,27.5
401757285,2.5,24.5
401757286,-3.5,24.5
401757287,-5.5,27.5
401757288,1.5,24.5
401761634,3.5,26.5
401762492,14.5,32.5
401754372,-3.5,25.5
401760397,11.5,27.5
401767101,3.5,31.5
401752750,-2.5,26.5
401754571,-10.5,26.5
401774214,6.5,24.5
401752883,-4.5,22.5
401752885,-15.5,28.5
401761635,-7.5,31.5
401762848,6.5,30.5
401752942,2.5,26.5
401752884,-1.5,30.5
401756932,-2.5,27.5
401762494,1.5,30.5
401762846,3.5,23.5
401752746,-0.5,27.5
401762844,-6.5,24.5
401757172,5.5,23.5
401760400,-1.5,30.5
401752880,-2.5,26.5
401761637,-7.5,24.5
401756931,-1.5,23.5
401752752,-2.5,24.5
401762493,-7.5,31.5
401752751,6.5,23.5
401762845,-3.5,20.5
401762874,-1.5,19.5
401760399,1.5,23.5
401762847,-9.5,23.5
401752952,0.5,22.5
401754574,-3.5,27.5
401762495,2.5,26.5
401752882,-3.5,19.5
401756933,-23.5,31.5
401756930,-2.5,34.5
401752749,4.5,23.5
401756935,9.5,28.5
401752886,-19.5,24.5
401761636,0.5,29.5
401761638,-4.5,23.5
401754572,-16.5,24.5
401752881,7.5,24.5
401752748,0.5,23.5
401754570,-14.5,28.5
401760398,-3.5,22.5
401752747,4.5,27.5
401756929,-3.5,23.5
401756934,-7.5,24.5
